Know_Ebisen,Age,Gender_LGBTQ+,Gender_ชาย,Gender_หญิง,Calvora_Tagline_Awareness,Purchase_Factor_Quality_Ingredients,Purchase_Factor_Tasty,Purchase_Factor_Many_Flavors,Purchase_Factor_Crispy,Purchase_Factor_Healthy,Is_Calvora_Calvora,Is_Calvora_Ebinari,Is_Calvora_Ebinari_X,Is_Calvora_Hanaro,Is_Calvora_Bax,Is_Calvora_Puffmori,Is_Calvora_Jomona,Is_Calvora_Bibipop,Is_Calvora_SnackBack,Is_Calvora_VeggieSnap,Is_Calvora_Frutra,Calvora_Tagline_Reflection,Calvora_Tagline_Interpretation_Category,Calvora_Tagline_Interpretation_Natural,Calvora_Tagline_Interpretation_Negative,Calvora_Tagline_Interpretation_Other,Calvora_Tagline_Interpretation_Positive,Strength_กรอบ,Strength_ทำจากเนื้อสัตว์แท้ (From real meat),Strength_มีคุณภาพดี (Good quality),Strength_มีรสชาติอร่อย (Tasty),Strength_เป็นแบรนด์ญี่ปุ่น (Japan brand),Strength_เพื่อสุขภาพที่ดี (For healthy lifestyles),Strength_ใช้วัตถุดิบจากธรรมชาติ (Use natural ingredients),Calvora_Natural_Ingredient_การรับรองจากหน่วยงานด้านอาหาร,Calvora_Natural_Ingredient_การรับรองมาตรฐานการผลิตจากญี่ปุ่น,Calvora_Natural_Ingredient_ข้อมูลเกี่ยวกับกระบวนการผลิต,Calvora_Natural_Ingredient_เชื่อมั่นคนญึ่ปุ่นเป็นคนซื่อสัตย์ไม่ over claim,Calvora_Natural_Ingredient_เป็นผลิตภัณฑ์นำเข้าจากญี่ปุ่น,Calvora_Natural_Ingredient_เห็นขั้นตอนของการเก็บเกี่ยววัตถุดิบ,Calvora_Natural_Ingredient_การโฆษณา,Calvora_Natural_Ingredient_มีมานาน,Calvora_Natural_Ingredient_เป็นแบรนด์ที่มีและอยู่ได้มานาน,Calvora_Natural_Ingredient_แหล่งที่มาของวัตถุดิบ,Calvora_Natural_Ingredient_ไม่ได้สนใจข้อนี้,Known_Snack_Jomona,Known_Snack_Veggie Snap,Known_Snack_บิบิป๊อป,Known_Snack_พัฟโมริ,Known_Snack_ฟรูทร่า,Known_Snack_สแน็คแบ๊ค,Known_Snack_ฮานาโร,Known_Snack_เอบินาริ,Known_Snack_เอบินาริ X,Known_Snack_แบ็กซ์,Known_Snack_คาลโวร่า,Tasted_Snack_Jomona,Tasted_Snack_Veggie Snap,Tasted_Snack_บิบิป๊อป,Tasted_Snack_พัฟโมริ,Tasted_Snack_ฟรูทร่า,Tasted_Snack_สแน็คแบ๊ค,Tasted_Snack_ฮานาโร,Tasted_Snack_เอบินาริ,Tasted_Snack_เอบินาริ X,Tasted_Snack_แบ็กซ์,Tasted_Snack_คาลโวร่า,Ebisen_Flavor_Extra BBQ,Ebisen_Flavor_ต้มยำกุ้ง,Ebisen_Flavor_หมึกย่างสาหร่าย,Ebisen_Flavor_Original,Calvora_Image_I,Calvora_Image_J,Calvora_Image_K,Calvora_Image_L,Calvora_Image_M,Calvora_Image_N,Calvora_Image_O,Calvora_Image_P,Calvora_Image_Q,Calvora_Image_H,Time_Free_Time,Time_Hungry,Time_Late_Night,Time_Other,Time_Party_Drinking,Time_Playing_Games,Time_Watching_Media,Time_Working_Studying,Calvora_Association_Bax_Association,Calvora_Association_Calvora_Association,Calvora_Association_General_Snack_Association,Calvora_Association_Hanaro_Association,Calvora_Association_Japanese_Association,Calvora_Association_Jomona_Association,Calvora_Association_Other,Calvora_Association_Red_Text_Association,Calvora_Association_Shrimp_Chip_Association,Calvora_Association_potato_chip_association,Calvora_Association_soybean_chip_association,Natural_Brand_Association_Category,Why_Choose_Ebisen_Category,Desired_New_Flavor_Category,Reason_Never_Tried_Category,Expected_Stronger_Flavor_Category,Why_Like_Stronger_Flavor_Category,Strong_Flavor_Occasion_Category,Reason_Not_Willing_Category,Believe_Ebisen_Shrimp,Try_New_Flavor,Believe_Ebisen_Shrimp_2,Like_Stronger_Ebisen_Flavor,Snack_Time_Category,Cluster_ID,PCA1,PCA2
1.004652838498499,-0.7522961421544496,0.0,1.0,0.0,0,0.1031981527274776,-1.300349603340998,0.4689322598418184,-0.4994023643440362,-0.4295306484694663,1,0,0,1,1,1,0,1,1,0,0,0.8959019844531889,Natural,1.0,0.0,0.0,0.0,0.0,1.0,1.0,1.0,0.0,0.0,1.0,1.0,1.0,0.0,0.0,1.0,0.0,0.0,0.0,0.0,1.0,0.0,0.0,0.0,1.0,1.0,0.0,1.0,1.0,1.0,1.0,1.0,1.0,0.0,0.0,1.0,1.0,0.0,1.0,1.0,0.0,0.0,1.0,1.0,1.0,0.0,0.0,1.0,0.0,0.0,0.0,0.0,0.0,0.0,0.0,0.0,0.0,1.0,0.0,0.0,0.0,0.0,0.0,0.0,1.0,0.0,0.0,0.0,0.0,0.0,0.0,0.0,1.0,0.0,0.0,0.0,0.0,Lay,Delicious,Spicy,Other,Other,Like_Spicy_Flavor,Late_Night,Other,1,1,1,1,Watching_Media,2,2.92967902851311,0.1826100239369159
-0.0977980639246325,0.095746781728748,0.0,1.0,0.0,0,1.0172389340279953,0.4334498677803327,0.4689322598418184,0.7643913739959727,1.0708017574520496,1,0,0,1,0,0,1,0,0,0,0,0.0071672158756257,Natural,1.0,0.0,0.0,0.0,0.0,0.0,1.0,0.0,1.0,0.0,0.0,1.0,1.0,1.0,0.0,0.0,0.0,0.0,0.0,0.0,1.0,0.0,1.0,1.0,0.0,1.0,0.0,1.0,1.0,0.0,0.0,1.0,1.0,1.0,0.0,0.0,1.0,0.0,1.0,0.0,0.0,0.0,1.0,0.0,0.0,0.0,0.0,0.0,0.0,1.0,1.0,0.0,0.0,1.0,1.0,1.0,1.0,1.0,0.0,0.0,0.0,1.0,0.0,0.0,0.0,0.0,0.0,0.0,0.0,1.0,0.0,0.0,0.0,0.0,0.0,0.0,0.0,Other,Other,Other,Not_Snack_Person,Shrimp_Flavor,Like_Delicious_Flavor,With_Drinks,Other,0,1,1,1,Other,2,1.457285970360238,-0.3727866359143095
1.004652838498499,0.095746781728748,0.0,1.0,0.0,0,0.1031981527274776,0.4334498677803327,-0.373786583931884,0.7643913739959727,0.3206355544912916,1,0,0,1,0,0,1,0,0,0,0,0.0071672158756257,Natural,1.0,0.0,0.0,0.0,0.0,0.0,0.0,0.0,1.0,0.0,0.0,0.0,0.0,0.0,0.0,0.0,0.0,0.0,0.0,0.0,0.0,0.0,0.0,1.0,0.0,1.0,0.0,1.0,1.0,1.0,1.0,1.0,1.0,1.0,0.0,0.0,1.0,0.0,1.0,1.0,1.0,1.0,0.0,1.0,0.0,0.0,0.0,1.0,0.0,0.0,0.0,0.0,0.0,0.0,0.0,0.0,0.0,0.0,0.0,0.0,0.0,0.0,0.0,0.0,1.0,0.0,0.0,0.0,0.0,0.0,0.0,0.0,0.0,0.0,1.0,0.0,0.0,Other,Try,Truffle,Other,Other,Other,Other,Not_Delicious,1,1,1,0,Watching_Media,4,-1.1608020122752578,0.44132870035213095
1.004652838498499,0.095746781728748,0.0,0.0,1.0,0,0.1031981527274776,-1.300349603340998,-0.373786583931884,-0.4994023643440362,-1.9298630543909825,1,0,0,1,1,1,0,0,1,0,0,0.8959019844531889,Natural,1.0,0.0,0.0,0.0,0.0,0.0,0.0,0.0,0.0,0.0,0.0,0.0,0.0,0.0,0.0,0.0,0.0,0.0,0.0,0.0,0.0,0.0,0.0,0.0,0.0,1.0,0.0,1.0,1.0,0.0,0.0,1.0,1.0,0.0,0.0,0.0,1.0,0.0,1.0,1.0,0.0,0.0,1.0,1.0,0.0,0.0,0.0,1.0,0.0,0.0,0.0,0.0,0.0,0.0,0.0,0.0,0.0,1.0,1.0,0.0,0.0,0.0,0.0,0.0,0.0,0.0,0.0,0.0,1.0,0.0,0.0,0.0,0.0,0.0,0.0,0.0,0.0,Innisfree,Try,Other,Other,Saltier,Other,Free_Time,Other,1,0,1,1,Free_Time,4,-2.8804932812063018,-0.058949275661818734
-0.0977980639246325,0.095746781728748,0.0,0.0,1.0,0,-0.8108426285730398,0.4334498677803327,-2.059224271479289,0.7643913739959727,-1.9298630543909825,1,1,1,0,0,0,0,0,0,0,0,0.8959019844531889,Negative,0.0,1.0,0.0,0.0,0.0,0.0,0.0,0.0,0.0,0.0,0.0,0.0,1.0,0.0,0.0,0.0,0.0,0.0,0.0,0.0,1.0,0.0,0.0,0.0,0.0,1.0,0.0,1.0,1.0,1.0,0.0,1.0,1.0,0.0,0.0,0.0,1.0,0.0,0.0,1.0,0.0,0.0,1.0,1.0,0.0,0.0,0.0,0.0,0.0,0.0,1.0,0.0,0.0,0.0,0.0,1.0,1.0,1.0,1.0,0.0,0.0,0.0,0.0,0.0,0.0,0.0,0.0,1.0,0.0,0.0,0.0,0.0,0.0,0.0,0.0,0.0,0.0,Ajinomoto,Other,Other,Never_Had_Chance,Other,Other,Other,Might_Try_With_Friends,1,0,1,0,Free_Time,4,-2.0074426166546435,-1.1555762341691536
1.004652838498499,-0.7522961421544496,0.0,0.0,1.0,0,0.1031981527274776,0.4334498677803327,-0.373786583931884,-0.4994023643440362,1.0708017574520496,1,0,0,0,1,0,0,0,1,0,0,0.0071672158756257,Natural,1.0,0.0,0.0,0.0,0.0,0.0,1.0,0.0,1.0,0.0,0.0,1.0,1.0,1.0,0.0,1.0,1.0,0.0,0.0,0.0,1.0,0.0,0.0,0.0,1.0,1.0,0.0,1.0,1.0,0.0,0.0,1.0,1.0,0.0,0.0,1.0,1.0,0.0,1.0,1.0,0.0,0.0,1.0,1.0,0.0,0.0,0.0,1.0,0.0,0.0,1.0,1.0,0.0,0.0,0.0,0.0,0.0,1.0,0.0,0.0,0.0,1.0,0.0,0.0,0.0,0.0,0.0,0.0,1.0,0.0,0.0,0.0,0.0,0.0,0.0,0.0,0.0,Other,Try,Cheese,Other,Saltier,Like_Delicious_Flavor,Party_Drinking,Other,0,1,1,1,Other,2,1.8784742862220196,-1.6366299206550488
1.004652838498499,-0.7522961421544496,0.0,0.0,1.0,0,1.0172389340279953,0.4334498677803327,1.311651103615521,0.7643913739959727,0.3206355544912916,1,1,1,1,1,1,1,1,1,1,1,1.784636753030752,Natural,1.0,0.0,0.0,0.0,0.0,1.0,1.0,1.0,1.0,1.0,1.0,1.0,1.0,1.0,0.0,1.0,1.0,0.0,0.0,0.0,1.0,0.0,0.0,0.0,0.0,0.0,0.0,0.0,0.0,0.0,0.0,1.0,0.0,0.0,0.0,1.0,1.0,0.0,1.0,0.0,0.0,0.0,1.0,0.0,0.0,0.0,0.0,1.0,0.0,0.0,1.0,0.0,0.0,0.0,1.0,0.0,0.0,1.0,0.0,0.0,0.0,0.0,0.0,0.0,0.0,1.0,1.0,0.0,0.0,0.0,0.0,0.0,0.0,0.0,0.0,0.0,0.0,Other,Try,Laab,Other,More_Seasoning,Like_Spicy_Flavor,Party_Drinking,Other,0,1,1,1,Working_Studying,2,5.876787429549232,0.007869061299993107
1.004652838498499,-0.7522961421544496,0.0,0.0,1.0,0,1.0172389340279953,0.4334498677803327,0.4689322598418184,0.7643913739959727,1.0708017574520496,1,0,0,0,0,0,0,0,0,0,0,-1.7703023212795008,Natural,1.0,0.0,0.0,0.0,0.0,0.0,0.0,0.0,0.0,0.0,0.0,0.0,1.0,1.0,0.0,1.0,0.0,0.0,0.0,0.0,1.0,0.0,0.0,0.0,0.0,0.0,0.0,0.0,1.0,0.0,0.0,0.0,1.0,0.0,0.0,0.0,0.0,0.0,0.0,1.0,0.0,0.0,0.0,1.0,0.0,0.0,0.0,1.0,0.0,0.0,0.0,0.0,0.0,0.0,0.0,0.0,0.0,0.0,0.0,0.0,0.0,1.0,0.0,0.0,0.0,0.0,0.0,0.0,1.0,0.0,0.0,0.0,0.0,0.0,0.0,0.0,0.0,Other,Saltier,Other,Other,Other,Other,Other,Already_Salty,0,0,1,0,Other,2,0.5239355399798049,0.19090492636006687
1.004652838498499,-0.7522961421544496,0.0,0.0,1.0,0,1.0172389340279953,0.4334498677803327,0.4689322598418184,-0.4994023643440362,-1.9298630543909825,1,0,0,1,1,1,0,1,1,0,0,0.8959019844531889,Positive,0.0,0.0,0.0,1.0,0.0,0.0,0.0,0.0,0.0,0.0,1.0,0.0,0.0,0.0,0.0,0.0,0.0,0.0,0.0,0.0,1.0,0.0,0.0,0.0,1.0,1.0,0.0,1.0,1.0,0.0,0.0,1.0,1.0,0.0,0.0,1.0,0.0,0.0,1.0,0.0,0.0,0.0,1.0,0.0,0.0,0.0,0.0,1.0,0.0,0.0,0.0,1.0,0.0,0.0,0.0,0.0,0.0,1.0,0.0,0.0,0.0,0.0,0.0,0.0,0.0,1.0,0.0,0.0,0.0,0.0,0.0,0.0,1.0,0.0,0.0,0.0,0.0,Other,Try,Banana,Other,Delicious,Like_Delicious_Flavor,Working_Studying,Other,1,1,1,1,Working_Studying,4,-0.7950256336911387,0.0956599306017545
-0.0977980639246325,-0.7522961421544496,1.0,0.0,0.0,0,-0.8108426285730398,0.4334498677803327,-0.373786583931884,-0.4994023643440362,0.3206355544912916,1,1,1,1,1,1,1,1,1,1,1,-1.7703023212795008,Natural,1.0,0.0,0.0,0.0,0.0,0.0,0.0,0.0,0.0,0.0,0.0,0.0,0.0,0.0,0.0,1.0,0.0,0.0,0.0,0.0,0.0,0.0,1.0,1.0,1.0,1.0,0.0,1.0,1.0,0.0,0.0,1.0,1.0,1.0,1.0,1.0,1.0,0.0,1.0,1.0,0.0,0.0,1.0,1.0,0.0,0.0,0.0,0.0,0.0,0.0,1.0,0.0,0.0,0.0,0.0,0.0,0.0,0.0,0.0,0.0,0.0,1.0,0.0,0.0,0.0,0.0,0.0,0.0,1.0,0.0,0.0,0.0,0.0,0.0,0.0,0.0,0.0,Ajinomoto,Other,Other,Never_Had_Chance,Other,Other,Other,Indifferent,0,0,0,0,Other,4,-1.8950833087276604,0.5728206658670422
-0.0977980639246325,0.095746781728748,0.0,0.0,1.0,0,0.1031981527274776,0.4334498677803327,0.4689322598418184,-0.4994023643440362,-0.4295306484694663,1,0,0,0,0,0,0,0,0,1,1,0.0071672158756257,Natural,1.0,0.0,0.0,0.0,0.0,0.0,0.0,0.0,0.0,0.0,0.0,0.0,1.0,0.0,0.0,0.0,0.0,0.0,0.0,0.0,0.0,0.0,0.0,0.0,0.0,1.0,0.0,1.0,1.0,0.0,0.0,1.0,1.0,0.0,0.0,0.0,1.0,0.0,1.0,1.0,0.0,0.0,1.0,1.0,0.0,0.0,0.0,0.0,0.0,0.0,0.0,0.0,0.0,0.0,0.0,0.0,0.0,0.0,0.0,0.0,0.0,1.0,0.0,0.0,0.0,0.0,0.0,0.0,0.0,0.0,0.0,0.0,1.0,0.0,0.0,0.0,0.0,Other,Other,Other,Used_to_Old_Flavors,Delicious,Like_Spicy_Flavor,Working_Studying,Other,1,0,0,1,Other,4,-1.62841421801053,0.5678861436568072
-1.200248966347764,-0.7522961421544496,0.0,0.0,1.0,0,1.0172389340279953,0.4334498677803327,1.311651103615521,0.7643913739959727,1.0708017574520496,1,0,0,0,1,1,1,1,0,0,0,0.0071672158756257,Natural,1.0,0.0,0.0,0.0,0.0,0.0,0.0,1.0,1.0,0.0,1.0,0.0,0.0,0.0,0.0,1.0,0.0,0.0,0.0,0.0,0.0,0.0,0.0,0.0,1.0,1.0,0.0,1.0,1.0,0.0,0.0,1.0,1.0,0.0,0.0,1.0,1.0,0.0,1.0,1.0,0.0,0.0,1.0,1.0,0.0,0.0,0.0,0.0,0.0,0.0,0.0,0.0,0.0,1.0,1.0,0.0,0.0,1.0,0.0,0.0,0.0,0.0,0.0,0.0,1.0,0.0,0.0,0.0,1.0,0.0,0.0,0.0,0.0,0.0,0.0,0.0,0.0,Sunbright,Other,Other,Other,Other,Other,Other,Other,1,1,0,1,Watching_Media,2,1.3357763232989417,1.706195158921231
-0.0977980639246325,-0.7522961421544496,0.0,0.0,1.0,1,1.0172389340279953,0.4334498677803327,-0.373786583931884,-1.763196102684045,1.0708017574520496,1,1,1,1,0,0,1,0,0,1,0,1.784636753030752,Natural,1.0,0.0,0.0,0.0,0.0,0.0,1.0,1.0,1.0,0.0,1.0,1.0,1.0,1.0,0.0,1.0,1.0,0.0,0.0,0.0,1.0,0.0,1.0,1.0,1.0,1.0,1.0,1.0,1.0,1.0,0.0,1.0,1.0,1.0,1.0,1.0,1.0,1.0,1.0,1.0,0.0,0.0,1.0,1.0,0.0,0.0,0.0,0.0,1.0,1.0,1.0,0.0,0.0,0.0,0.0,0.0,1.0,1.0,0.0,0.0,0.0,0.0,0.0,0.0,1.0,0.0,0.0,0.0,0.0,0.0,0.0,0.0,0.0,0.0,1.0,0.0,0.0,Other,Other,Other,Not_Attractive,Shrimp_Flavor,Like_Spicy_Flavor,Watching_Media,Other,0,1,0,1,Watching_Media,2,3.692296391947105,-1.5293991612642925
1.004652838498499,0.095746781728748,0.0,0.0,1.0,0,0.1031981527274776,0.4334498677803327,-0.373786583931884,0.7643913739959727,-0.4295306484694663,1,0,0,0,0,0,0,0,0,0,0,1.784636753030752,Natural,1.0,0.0,0.0,0.0,0.0,0.0,0.0,1.0,0.0,0.0,0.0,0.0,1.0,1.0,0.0,0.0,1.0,0.0,0.0,0.0,1.0,0.0,0.0,0.0,0.0,1.0,0.0,1.0,1.0,1.0,0.0,1.0,1.0,0.0,0.0,0.0,0.0,0.0,0.0,1.0,0.0,0.0,0.0,1.0,0.0,0.0,0.0,1.0,0.0,0.0,0.0,1.0,0.0,0.0,1.0,0.0,0.0,1.0,0.0,0.0,0.0,0.0,0.0,0.0,1.0,0.0,0.0,0.0,0.0,0.0,0.0,0.0,0.0,0.0,1.0,0.0,0.0,Other,Delicious,BBQ,Other,More_Intense_Flavor,Like_Delicious_Flavor,Watching_Media,Other,1,0,1,1,Watching_Media,2,1.1135459695889218,-0.8519861742470679
-0.0977980639246325,0.095746781728748,0.0,1.0,0.0,0,1.0172389340279953,0.4334498677803327,-0.373786583931884,0.7643913739959727,0.3206355544912916,1,1,1,0,0,0,0,0,0,0,0,0.8959019844531889,Natural,1.0,0.0,0.0,0.0,0.0,0.0,1.0,1.0,1.0,0.0,0.0,0.0,1.0,1.0,0.0,0.0,1.0,0.0,0.0,0.0,1.0,0.0,0.0,0.0,0.0,1.0,0.0,1.0,1.0,0.0,0.0,1.0,1.0,0.0,0.0,0.0,1.0,0.0,1.0,1.0,0.0,0.0,1.0,1.0,0.0,0.0,0.0,0.0,0.0,0.0,0.0,1.0,0.0,0.0,1.0,0.0,0.0,0.0,0.0,0.0,0.0,0.0,0.0,0.0,0.0,1.0,0.0,0.0,0.0,0.0,0.0,0.0,0.0,0.0,1.0,0.0,0.0,SnackBack,Other,Other,Other,Nori_Flavor,Like_Delicious_Flavor,Working_Studying,Other,1,1,1,1,Working_Studying,2,2.0601130012038675,-1.2058092861659437
-1.200248966347764,-1.6003390660376473,1.0,0.0,0.0,0,-2.638924191174075,0.4334498677803327,-2.059224271479289,-4.290783579364063,-1.9298630543909825,1,1,1,1,1,1,1,1,1,1,1,-0.8815675527019375,Natural,1.0,0.0,0.0,0.0,0.0,0.0,0.0,0.0,0.0,0.0,0.0,0.0,0.0,0.0,0.0,0.0,0.0,0.0,0.0,0.0,0.0,0.0,0.0,0.0,0.0,1.0,0.0,1.0,0.0,0.0,0.0,1.0,0.0,0.0,0.0,1.0,1.0,0.0,1.0,0.0,0.0,0.0,1.0,0.0,0.0,0.0,0.0,0.0,0.0,0.0,0.0,0.0,0.0,0.0,0.0,0.0,0.0,0.0,0.0,0.0,0.0,1.0,0.0,0.0,0.0,0.0,0.0,0.0,1.0,0.0,0.0,0.0,0.0,0.0,0.0,0.0,0.0,Other,Other,Other,Other,Other,Other,Other,Other,0,0,1,0,Other,4,-4.054291112452322,-1.290562719193484
1.004652838498499,-0.7522961421544496,1.0,0.0,0.0,0,-0.8108426285730398,0.4334498677803327,-0.373786583931884,-1.763196102684045,-1.9298630543909825,1,0,0,1,0,0,0,0,0,0,0,0.0071672158756257,Natural,1.0,0.0,0.0,0.0,0.0,0.0,0.0,0.0,0.0,0.0,0.0,1.0,1.0,0.0,0.0,0.0,0.0,0.0,0.0,0.0,0.0,0.0,1.0,0.0,1.0,1.0,0.0,1.0,1.0,0.0,0.0,1.0,1.0,1.0,0.0,0.0,0.0,0.0,0.0,1.0,0.0,0.0,0.0,1.0,0.0,0.0,0.0,1.0,0.0,0.0,1.0,0.0,0.0,1.0,0.0,0.0,0.0,1.0,1.0,0.0,0.0,0.0,0.0,0.0,0.0,0.0,0.0,0.0,0.0,0.0,0.0,0.0,0.0,0.0,1.0,0.0,0.0,Sunbright,Unique,Other,Other,Other,Other,Other,Already_Delicious,1,1,1,0,Free_Time,4,-2.0896650783903024,-1.0512780144527454
-1.200248966347764,-0.7522961421544496,0.0,0.0,1.0,0,0.1031981527274776,0.4334498677803327,-0.373786583931884,-0.4994023643440362,-0.4295306484694663,1,0,0,1,0,0,0,0,0,0,0,0.0071672158756257,Natural,1.0,0.0,0.0,0.0,0.0,0.0,0.0,1.0,0.0,0.0,0.0,0.0,0.0,0.0,0.0,0.0,0.0,0.0,0.0,0.0,0.0,0.0,0.0,0.0,0.0,1.0,0.0,1.0,1.0,0.0,0.0,1.0,1.0,0.0,0.0,0.0,1.0,0.0,1.0,1.0,0.0,0.0,1.0,1.0,0.0,0.0,0.0,0.0,0.0,0.0,0.0,0.0,0.0,0.0,0.0,0.0,0.0,0.0,0.0,0.0,0.0,0.0,0.0,0.0,0.0,1.0,0.0,0.0,1.0,0.0,0.0,0.0,0.0,0.0,0.0,0.0,0.0,Other,Other,Other,Other,Other,Other,Other,Other,1,1,1,1,Working_Studying,4,-1.4155051265374181,0.41541687359418844
1.004652838498499,0.095746781728748,0.0,0.0,1.0,0,0.1031981527274776,0.4334498677803327,0.4689322598418184,-1.763196102684045,-0.4295306484694663,1,1,1,1,0,0,0,1,0,0,0,-0.8815675527019375,Natural,1.0,0.0,0.0,0.0,0.0,0.0,0.0,0.0,0.0,0.0,0.0,0.0,0.0,0.0,0.0,0.0,0.0,0.0,0.0,0.0,0.0,0.0,0.0,1.0,1.0,1.0,0.0,1.0,1.0,1.0,0.0,1.0,1.0,0.0,1.0,1.0,1.0,0.0,1.0,1.0,0.0,0.0,1.0,1.0,0.0,0.0,0.0,1.0,0.0,0.0,1.0,0.0,0.0,1.0,1.0,0.0,0.0,1.0,1.0,0.0,0.0,0.0,0.0,0.0,0.0,0.0,0.0,0.0,0.0,0.0,0.0,0.0,0.0,0.0,1.0,0.0,0.0,Other,Try,Other,Other,Other,Other,Other,Indifferent,1,0,0,0,Free_Time,4,-2.44912348432182,0.29763787684259246
1.004652838498499,0.095746781728748,0.0,1.0,0.0,0,0.1031981527274776,0.4334498677803327,-0.373786583931884,-0.4994023643440362,0.3206355544912916,1,1,1,0,0,0,1,0,0,0,0,-0.8815675527019375,Natural,1.0,0.0,0.0,0.0,0.0,0.0,1.0,1.0,0.0,0.0,1.0,0.0,1.0,0.0,0.0,1.0,0.0,0.0,0.0,0.0,0.0,0.0,1.0,0.0,1.0,1.0,0.0,1.0,1.0,1.0,0.0,1.0,1.0,1.0,0.0,0.0,1.0,0.0,1.0,1.0,1.0,0.0,1.0,1.0,0.0,0.0,0.0,1.0,1.0,0.0,1.0,1.0,0.0,1.0,0.0,0.0,0.0,1.0,0.0,0.0,0.0,0.0,0.0,0.0,1.0,0.0,0.0,0.0,1.0,0.0,0.0,0.0,0.0,0.0,0.0,0.0,0.0,Canola,Delicious,Corn,Other,Other,Other,Other,Already_Delicious,1,1,0,0,Watching_Media,2,1.0966843903976318,0.49050845383187935
-0.0977980639246325,0.095746781728748,0.0,0.0,1.0,0,0.1031981527274776,0.4334498677803327,0.4689322598418184,0.7643913739959727,1.0708017574520496,1,1,1,0,0,0,0,0,0,0,0,0.8959019844531889,Negative,0.0,1.0,0.0,0.0,0.0,1.0,1.0,0.0,1.0,0.0,1.0,1.0,1.0,1.0,0.0,0.0,0.0,0.0,0.0,0.0,0.0,0.0,1.0,0.0,1.0,1.0,0.0,1.0,1.0,0.0,0.0,1.0,1.0,0.0,0.0,1.0,1.0,0.0,1.0,0.0,0.0,0.0,1.0,0.0,0.0,0.0,0.0,0.0,0.0,0.0,1.0,0.0,0.0,0.0,0.0,0.0,0.0,1.0,0.0,0.0,0.0,0.0,0.0,0.0,1.0,0.0,0.0,0.0,0.0,1.0,0.0,0.0,0.0,0.0,0.0,0.0,0.0,sizzler,Other,Other,Not_Snack_Person,Other,Other,Other,Indifferent,1,0,0,0,Watching_Media,2,2.9603745256562584,0.3433318931254114
1.004652838498499,-0.7522961421544496,0.0,0.0,1.0,0,-0.8108426285730398,-6.50174801670499,-0.373786583931884,-4.290783579364063,1.0708017574520496,1,1,0,0,0,0,0,0,0,0,0,-0.8815675527019375,Natural,1.0,0.0,0.0,0.0,0.0,0.0,1.0,0.0,1.0,0.0,0.0,0.0,0.0,0.0,0.0,1.0,0.0,0.0,0.0,0.0,1.0,0.0,0.0,0.0,0.0,0.0,0.0,0.0,0.0,0.0,0.0,0.0,1.0,0.0,0.0,0.0,0.0,0.0,0.0,0.0,0.0,0.0,0.0,1.0,0.0,0.0,1.0,1.0,0.0,0.0,1.0,0.0,0.0,1.0,0.0,0.0,0.0,1.0,0.0,0.0,0.0,1.0,0.0,0.0,0.0,0.0,0.0,0.0,0.0,0.0,0.0,0.0,0.0,0.0,1.0,0.0,0.0,Other,Flavor,Spicy,Other,Other,Like_Spicy_Flavor,Party_Drinking,Other,0,1,1,1,Other,4,-1.8837882371434884,-1.3125666323297378
-0.0977980639246325,-0.7522961421544496,0.0,0.0,1.0,0,1.0172389340279953,0.4334498677803327,1.311651103615521,0.7643913739959727,1.0708017574520496,1,1,1,0,1,1,1,1,1,1,1,0.8959019844531889,Natural,1.0,0.0,0.0,0.0,0.0,1.0,1.0,1.0,1.0,1.0,1.0,1.0,1.0,0.0,0.0,1.0,0.0,0.0,0.0,0.0,1.0,0.0,1.0,1.0,1.0,0.0,1.0,0.0,0.0,1.0,0.0,0.0,1.0,1.0,1.0,1.0,1.0,0.0,1.0,0.0,0.0,0.0,1.0,1.0,0.0,0.0,0.0,0.0,1.0,0.0,0.0,0.0,1.0,0.0,0.0,0.0,0.0,1.0,0.0,0.0,1.0,0.0,0.0,0.0,0.0,0.0,0.0,0.0,0.0,0.0,0.0,0.0,0.0,0.0,0.0,1.0,0.0,Other,Other,Other,Not_Attractive,Other,Like_Delicious_Flavor,Free_Time,Other,1,1,1,1,Late_Night,2,6.251762355245761,2.235513069669591
-1.200248966347764,-0.7522961421544496,0.0,0.0,1.0,0,1.0172389340279953,0.4334498677803327,-0.373786583931884,0.7643913739959727,-0.4295306484694663,1,0,0,0,0,0,0,0,0,0,0,0.0071672158756257,Negative,0.0,1.0,0.0,0.0,0.0,0.0,0.0,0.0,0.0,0.0,0.0,1.0,1.0,0.0,0.0,1.0,0.0,0.0,0.0,0.0,1.0,0.0,0.0,0.0,1.0,1.0,0.0,1.0,1.0,1.0,0.0,1.0,1.0,0.0,0.0,1.0,1.0,0.0,1.0,1.0,0.0,0.0,1.0,1.0,0.0,0.0,0.0,0.0,0.0,0.0,1.0,0.0,0.0,0.0,1.0,0.0,0.0,1.0,0.0,1.0,0.0,0.0,0.0,0.0,0.0,0.0,0.0,0.0,1.0,0.0,0.0,0.0,0.0,0.0,0.0,0.0,0.0,Other,Other,Other,Other,Other,Other,Other,Other,1,0,0,1,Hungry,1,-0.052425688493483856,-1.034947952086856
1.004652838498499,0.095746781728748,1.0,0.0,0.0,0,-0.8108426285730398,0.4334498677803327,-0.373786583931884,-0.4994023643440362,-0.4295306484694663,1,0,0,0,0,0,1,1,0,0,0,-1.7703023212795008,Natural,1.0,0.0,0.0,0.0,0.0,0.0,1.0,0.0,1.0,0.0,0.0,0.0,0.0,0.0,0.0,1.0,0.0,0.0,0.0,0.0,1.0,0.0,0.0,1.0,1.0,1.0,0.0,1.0,1.0,1.0,0.0,1.0,1.0,0.0,1.0,1.0,1.0,0.0,1.0,1.0,0.0,0.0,1.0,1.0,0.0,0.0,0.0,1.0,0.0,0.0,1.0,0.0,0.0,0.0,1.0,0.0,1.0,1.0,0.0,0.0,0.0,0.0,0.0,0.0,0.0,1.0,0.0,0.0,0.0,0.0,1.0,0.0,0.0,0.0,0.0,0.0,0.0,Khao_Saendee,Saltier,Wasabi,Other,Other,Other,Other,Not_Delicious,0,0,0,0,Working_Studying,4,-0.5378161372082723,-0.9722849968539431
1.004652838498499,-1.6003390660376473,0.0,1.0,0.0,0,1.0172389340279953,0.4334498677803327,-0.373786583931884,0.7643913739959727,-1.9298630543909825,1,1,1,1,1,1,1,1,1,1,1,-1.7703023212795008,Negative,0.0,1.0,0.0,0.0,0.0,0.0,1.0,1.0,1.0,0.0,0.0,0.0,0.0,0.0,0.0,0.0,1.0,0.0,0.0,0.0,1.0,0.0,0.0,0.0,1.0,0.0,0.0,1.0,1.0,1.0,0.0,1.0,1.0,0.0,0.0,1.0,1.0,0.0,1.0,1.0,0.0,0.0,1.0,1.0,0.0,0.0,0.0,1.0,0.0,0.0,0.0,0.0,0.0,0.0,0.0,0.0,0.0,1.0,0.0,0.0,0.0,0.0,0.0,0.0,1.0,0.0,0.0,0.0,0.0,0.0,0.0,0.0,0.0,0.0,1.0,0.0,0.0,Other,Delicious,Other,Other,Delicious,Like_Delicious_Flavor,With_Drinks,Other,1,1,0,1,Watching_Media,2,0.8336049621748526,-0.5669853045164258
1.004652838498499,-0.7522961421544496,0.0,0.0,1.0,0,1.0172389340279953,-1.300349603340998,0.4689322598418184,0.7643913739959727,0.3206355544912916,1,1,1,0,0,0,0,0,0,0,0,0.8959019844531889,Natural,1.0,0.0,0.0,0.0,0.0,0.0,1.0,1.0,0.0,0.0,1.0,1.0,1.0,0.0,0.0,0.0,0.0,0.0,0.0,0.0,1.0,0.0,0.0,0.0,0.0,0.0,0.0,0.0,0.0,1.0,0.0,0.0,1.0,0.0,0.0,0.0,1.0,0.0,0.0,1.0,0.0,0.0,1.0,1.0,0.0,0.0,0.0,1.0,0.0,0.0,1.0,0.0,0.0,1.0,0.0,0.0,0.0,1.0,0.0,0.0,0.0,0.0,0.0,0.0,1.0,0.0,0.0,0.0,1.0,0.0,0.0,0.0,0.0,0.0,0.0,0.0,0.0,Other,Delicious,BBQ,Other,Spicier,Like_Spicy_Flavor,Party_Drinking,Other,1,1,1,1,Watching_Media,2,2.0123227113356497,0.4391543077362169
1.004652838498499,0.095746781728748,0.0,0.0,1.0,0,1.0172389340279953,0.4334498677803327,1.311651103615521,0.7643913739959727,1.0708017574520496,1,1,1,1,1,1,1,1,1,1,1,1.784636753030752,Natural,1.0,0.0,0.0,0.0,0.0,0.0,1.0,1.0,1.0,1.0,1.0,0.0,1.0,0.0,0.0,0.0,0.0,0.0,0.0,0.0,1.0,0.0,0.0,0.0,0.0,1.0,0.0,1.0,1.0,1.0,0.0,1.0,1.0,1.0,0.0,0.0,1.0,0.0,1.0,1.0,0.0,0.0,0.0,1.0,0.0,0.0,0.0,1.0,0.0,0.0,0.0,1.0,1.0,0.0,0.0,0.0,1.0,0.0,0.0,0.0,0.0,0.0,0.0,0.0,1.0,0.0,0.0,0.0,0.0,0.0,0.0,0.0,0.0,0.0,0.0,1.0,0.0,Other,Flavor,Nori,Other,Tom_Yum_Flavor,Like_Delicious_Flavor,Free_Time,Other,1,1,1,1,Watching_Media,2,3.160094300375558,1.335314240767353
-1.200248966347764,0.095746781728748,0.0,1.0,0.0,0,-0.8108426285730398,-1.300349603340998,-0.373786583931884,-0.4994023643440362,-0.4295306484694663,1,0,0,0,0,0,0,0,0,0,0,-1.7703023212795008,Natural,1.0,0.0,0.0,0.0,0.0,0.0,0.0,0.0,0.0,0.0,0.0,0.0,0.0,0.0,0.0,0.0,0.0,0.0,0.0,0.0,0.0,0.0,0.0,0.0,0.0,1.0,0.0,1.0,1.0,0.0,0.0,1.0,1.0,1.0,0.0,0.0,1.0,0.0,1.0,1.0,0.0,0.0,1.0,1.0,0.0,0.0,0.0,0.0,0.0,0.0,0.0,0.0,0.0,0.0,0.0,0.0,0.0,0.0,0.0,0.0,0.0,1.0,0.0,0.0,0.0,0.0,0.0,0.0,1.0,0.0,0.0,0.0,0.0,0.0,0.0,0.0,0.0,Other,Other,Other,Other,Other,Other,Other,Other,0,0,1,1,Other,4,-2.663900026537563,0.4828532417517754
-0.0977980639246325,-0.7522961421544496,0.0,0.0,1.0,0,1.0172389340279953,0.4334498677803327,1.311651103615521,0.7643913739959727,1.0708017574520496,1,1,1,1,1,1,1,1,1,0,1,-0.8815675527019375,Natural,1.0,0.0,0.0,0.0,0.0,0.0,0.0,0.0,0.0,0.0,0.0,1.0,0.0,1.0,0.0,0.0,0.0,0.0,0.0,0.0,0.0,0.0,0.0,0.0,0.0,1.0,0.0,1.0,1.0,0.0,1.0,1.0,1.0,0.0,0.0,0.0,1.0,0.0,1.0,1.0,0.0,0.0,1.0,1.0,0.0,0.0,0.0,0.0,0.0,0.0,1.0,1.0,1.0,0.0,1.0,0.0,0.0,1.0,0.0,0.0,0.0,0.0,0.0,0.0,1.0,0.0,0.0,0.0,1.0,0.0,0.0,0.0,0.0,0.0,0.0,0.0,0.0,Other,Other,Other,Not_Attractive,Delicious,Like_Delicious_Flavor,Watching_Media,Other,0,1,0,1,Watching_Media,4,0.19946641610483712,0.7523723728738989
1.004652838498499,-1.6003390660376473,0.0,0.0,1.0,0,0.1031981527274776,0.4334498677803327,-0.373786583931884,-0.4994023643440362,-0.4295306484694663,1,1,1,1,1,1,1,1,1,1,1,0.0071672158756257,Natural,1.0,0.0,0.0,0.0,0.0,0.0,1.0,0.0,1.0,0.0,0.0,1.0,0.0,1.0,0.0,1.0,1.0,0.0,0.0,0.0,1.0,0.0,1.0,1.0,1.0,1.0,0.0,1.0,1.0,1.0,0.0,1.0,1.0,0.0,1.0,1.0,1.0,0.0,1.0,1.0,0.0,0.0,1.0,1.0,0.0,1.0,0.0,1.0,1.0,0.0,0.0,0.0,0.0,0.0,1.0,0.0,0.0,1.0,0.0,0.0,0.0,0.0,0.0,0.0,1.0,0.0,0.0,0.0,1.0,0.0,0.0,0.0,0.0,0.0,0.0,0.0,0.0,Other,Try,Other,Other,Other,Other,Other,Other,0,1,0,1,Watching_Media,2,1.5218711974662549,-1.890732890197364
1.004652838498499,0.9437897056119456,0.0,0.0,1.0,0,-0.8108426285730398,0.4334498677803327,0.4689322598418184,-0.4994023643440362,1.0708017574520496,1,1,1,1,1,1,1,1,1,1,1,-0.8815675527019375,Natural,1.0,0.0,0.0,0.0,0.0,0.0,0.0,0.0,1.0,0.0,0.0,0.0,0.0,1.0,0.0,1.0,1.0,0.0,0.0,0.0,1.0,0.0,1.0,0.0,0.0,1.0,1.0,1.0,1.0,0.0,0.0,0.0,1.0,1.0,0.0,0.0,1.0,1.0,1.0,1.0,1.0,0.0,1.0,1.0,0.0,0.0,1.0,1.0,1.0,0.0,0.0,0.0,0.0,0.0,0.0,0.0,1.0,1.0,0.0,0.0,0.0,0.0,0.0,0.0,1.0,0.0,0.0,0.0,0.0,0.0,0.0,0.0,0.0,0.0,1.0,0.0,0.0,Nori,Delicious,Purple_Potato,Other,Saltier,Like_Spicy_Flavor,Other,Other,0,1,0,1,Watching_Media,2,0.7616200017925795,-1.0633399336728204
-1.200248966347764,0.9437897056119456,0.0,1.0,0.0,0,0.1031981527274776,-1.300349603340998,0.4689322598418184,-0.4994023643440362,0.3206355544912916,1,0,0,0,1,0,0,0,0,0,0,0.0071672158756257,Natural,1.0,0.0,0.0,0.0,0.0,0.0,0.0,0.0,1.0,0.0,0.0,0.0,0.0,0.0,0.0,1.0,0.0,0.0,0.0,0.0,0.0,0.0,1.0,0.0,1.0,1.0,0.0,1.0,1.0,0.0,0.0,1.0,1.0,1.0,0.0,1.0,1.0,0.0,1.0,1.0,0.0,0.0,1.0,1.0,0.0,0.0,0.0,0.0,0.0,0.0,0.0,0.0,0.0,0.0,1.0,0.0,0.0,0.0,0.0,0.0,0.0,0.0,0.0,0.0,1.0,0.0,0.0,0.0,0.0,1.0,0.0,0.0,0.0,0.0,0.0,0.0,0.0,Other,Other,Other,Other,Other,Other,Other,Other,1,0,1,1,Watching_Media,4,-0.9996083515356311,0.19756077160669697
-1.200248966347764,0.095746781728748,0.0,1.0,0.0,0,-0.8108426285730398,0.4334498677803327,0.4689322598418184,0.7643913739959727,-0.4295306484694663,1,0,0,0,0,0,1,0,0,0,0,0.0071672158756257,Natural,1.0,0.0,0.0,0.0,0.0,0.0,1.0,1.0,0.0,0.0,1.0,0.0,0.0,0.0,0.0,1.0,0.0,0.0,0.0,0.0,0.0,0.0,1.0,0.0,1.0,1.0,0.0,1.0,1.0,0.0,0.0,1.0,1.0,1.0,0.0,1.0,1.0,0.0,1.0,1.0,0.0,0.0,1.0,1.0,0.0,0.0,0.0,0.0,0.0,0.0,1.0,0.0,0.0,0.0,0.0,0.0,0.0,1.0,0.0,0.0,0.0,1.0,0.0,0.0,0.0,0.0,0.0,0.0,1.0,0.0,0.0,0.0,0.0,0.0,0.0,0.0,0.0,Other,Other,Other,Other,Other,Other,Other,Other,1,1,0,0,Other,4,0.25426858576131445,1.5125966867325327
-1.200248966347764,0.095746781728748,1.0,0.0,0.0,0,0.1031981527274776,-1.300349603340998,-0.373786583931884,-0.4994023643440362,-0.4295306484694663,1,0,0,0,0,0,0,0,0,0,0,-0.8815675527019375,Natural,1.0,0.0,0.0,0.0,0.0,0.0,0.0,0.0,0.0,0.0,0.0,0.0,0.0,0.0,0.0,0.0,0.0,0.0,0.0,0.0,0.0,0.0,1.0,0.0,0.0,1.0,0.0,1.0,1.0,0.0,0.0,1.0,1.0,1.0,0.0,0.0,1.0,0.0,1.0,1.0,0.0,0.0,1.0,1.0,0.0,0.0,0.0,0.0,0.0,0.0,1.0,0.0,0.0,0.0,0.0,0.0,0.0,1.0,0.0,0.0,0.0,0.0,0.0,0.0,1.0,0.0,0.0,0.0,0.0,0.0,0.0,0.0,0.0,0.0,1.0,0.0,0.0,Koh_Kae,Other,Other,Other,Other,Other,Other,Other,1,1,1,1,Watching_Media,4,-2.073361517160119,0.24136258784038542
1.004652838498499,0.095746781728748,0.0,0.0,1.0,0,0.1031981527274776,0.4334498677803327,-0.373786583931884,-1.763196102684045,-0.4295306484694663,1,0,0,0,0,0,1,0,0,0,0,0.0071672158756257,Natural,1.0,0.0,0.0,0.0,0.0,0.0,1.0,0.0,1.0,0.0,0.0,0.0,1.0,1.0,0.0,1.0,0.0,0.0,0.0,0.0,1.0,0.0,1.0,0.0,0.0,1.0,0.0,1.0,1.0,0.0,0.0,1.0,1.0,1.0,0.0,0.0,1.0,0.0,1.0,1.0,0.0,0.0,1.0,1.0,0.0,0.0,0.0,1.0,0.0,0.0,0.0,0.0,0.0,0.0,0.0,0.0,0.0,1.0,0.0,0.0,0.0,1.0,0.0,0.0,0.0,0.0,0.0,0.0,1.0,0.0,0.0,0.0,0.0,0.0,0.0,0.0,0.0,Lay,Try,Spicy,Other,Mala_Flavor,Like_Spicy_Flavor,Party_Drinking,Other,0,1,1,1,Other,2,0.33202490739548046,-1.4118654804874378
1.004652838498499,-0.7522961421544496,1.0,0.0,0.0,0,0.1031981527274776,-1.300349603340998,1.311651103615521,-0.4994023643440362,1.0708017574520496,1,1,1,0,0,0,0,0,0,0,0,0.0071672158756257,Natural,1.0,0.0,0.0,0.0,0.0,0.0,0.0,1.0,1.0,0.0,0.0,1.0,0.0,0.0,0.0,0.0,0.0,0.0,0.0,0.0,1.0,0.0,0.0,1.0,1.0,1.0,0.0,1.0,1.0,0.0,0.0,1.0,1.0,0.0,1.0,1.0,1.0,0.0,1.0,1.0,1.0,0.0,1.0,1.0,0.0,0.0,0.0,1.0,0.0,1.0,0.0,0.0,0.0,1.0,1.0,0.0,0.0,1.0,0.0,0.0,0.0,0.0,0.0,0.0,0.0,1.0,0.0,0.0,0.0,0.0,0.0,0.0,0.0,0.0,1.0,0.0,0.0,Other,Try,Cheese,Other,Other,Other,Other,Other,1,1,0,0,Working_Studying,4,0.3098543342013189,0.07063434085394298
-1.200248966347764,0.9437897056119456,0.0,0.0,1.0,0,-0.8108426285730398,0.4334498677803327,-0.373786583931884,0.7643913739959727,-0.4295306484694663,1,0,0,0,0,0,0,0,0,0,0,0.0071672158756257,Positive,0.0,0.0,0.0,1.0,0.0,0.0,0.0,0.0,1.0,0.0,0.0,0.0,0.0,0.0,0.0,0.0,0.0,0.0,0.0,0.0,0.0,0.0,0.0,0.0,0.0,0.0,0.0,1.0,1.0,0.0,0.0,0.0,1.0,0.0,0.0,0.0,0.0,0.0,0.0,1.0,0.0,0.0,0.0,1.0,0.0,0.0,0.0,0.0,0.0,0.0,1.0,0.0,0.0,0.0,0.0,0.0,0.0,1.0,0.0,0.0,0.0,1.0,0.0,0.0,0.0,0.0,0.0,0.0,0.0,0.0,0.0,0.0,0.0,0.0,1.0,0.0,0.0,Taro,Other,Other,Other,Other,Other,Other,Other,1,1,1,1,Other,4,-1.8891843252477019,0.5425653063188093
-0.0977980639246325,0.9437897056119456,0.0,0.0,1.0,0,0.1031981527274776,0.4334498677803327,-0.373786583931884,-0.4994023643440362,0.3206355544912916,1,0,0,0,1,0,0,1,0,0,0,-0.8815675527019375,Natural,1.0,0.0,0.0,0.0,0.0,0.0,0.0,0.0,0.0,0.0,0.0,1.0,0.0,0.0,0.0,0.0,1.0,0.0,0.0,0.0,1.0,0.0,0.0,0.0,0.0,1.0,0.0,1.0,1.0,1.0,0.0,1.0,1.0,0.0,0.0,0.0,1.0,0.0,1.0,1.0,0.0,0.0,1.0,1.0,0.0,0.0,0.0,0.0,0.0,0.0,0.0,0.0,0.0,0.0,0.0,0.0,0.0,0.0,0.0,1.0,0.0,0.0,0.0,0.0,0.0,0.0,0.0,0.0,0.0,0.0,0.0,0.0,0.0,0.0,1.0,0.0,0.0,Taro,Other,Other,Never_Had_Chance,Saltier,Like_Spicy_Flavor,Hungry,Other,1,0,1,1,Hungry,1,-0.6607482215732172,-1.2342550321512418
1.004652838498499,0.9437897056119456,0.0,0.0,1.0,0,1.0172389340279953,0.4334498677803327,-0.373786583931884,-0.4994023643440362,0.3206355544912916,1,1,1,0,0,0,1,0,0,0,0,0.0071672158756257,Natural,1.0,0.0,0.0,0.0,0.0,0.0,0.0,0.0,1.0,0.0,0.0,0.0,1.0,1.0,0.0,1.0,0.0,0.0,0.0,0.0,1.0,0.0,1.0,0.0,0.0,1.0,0.0,1.0,1.0,1.0,0.0,0.0,1.0,1.0,0.0,0.0,1.0,0.0,0.0,1.0,1.0,0.0,0.0,1.0,0.0,0.0,1.0,1.0,0.0,0.0,1.0,0.0,0.0,0.0,0.0,0.0,0.0,1.0,0.0,0.0,0.0,0.0,0.0,0.0,1.0,0.0,0.0,0.0,1.0,0.0,0.0,0.0,0.0,0.0,0.0,0.0,0.0,Other,Delicious,Other,Other,Other,Other,Other,Already_Salty,0,0,1,0,Watching_Media,2,0.7770886721601826,-1.1507866369966786
-0.0977980639246325,1.7918326294951432,0.0,1.0,0.0,0,0.1031981527274776,0.4334498677803327,-2.059224271479289,0.7643913739959727,-0.4295306484694663,1,0,0,0,0,0,0,0,0,0,0,0.8959019844531889,Natural,1.0,0.0,0.0,0.0,0.0,0.0,1.0,0.0,1.0,0.0,0.0,0.0,0.0,0.0,0.0,0.0,0.0,0.0,0.0,0.0,0.0,0.0,0.0,0.0,0.0,1.0,0.0,1.0,1.0,0.0,0.0,1.0,1.0,0.0,0.0,0.0,0.0,0.0,0.0,1.0,0.0,0.0,0.0,1.0,0.0,0.0,0.0,0.0,0.0,0.0,1.0,1.0,0.0,0.0,0.0,0.0,0.0,1.0,0.0,0.0,0.0,0.0,0.0,0.0,1.0,0.0,0.0,0.0,0.0,0.0,0.0,0.0,0.0,0.0,1.0,0.0,0.0,Other,Other,Other,Never_Had_Chance,Other,Other,Other,Other,1,1,1,0,Watching_Media,4,-1.118066979494314,-0.31054162814121794
-1.200248966347764,-0.7522961421544496,0.0,0.0,1.0,0,0.1031981527274776,0.4334498677803327,1.311651103615521,0.7643913739959727,0.3206355544912916,1,1,1,0,1,0,1,1,0,1,1,0.8959019844531889,Natural,1.0,0.0,0.0,0.0,0.0,0.0,1.0,0.0,1.0,0.0,0.0,0.0,0.0,0.0,0.0,1.0,0.0,0.0,0.0,0.0,0.0,0.0,1.0,1.0,1.0,1.0,1.0,1.0,1.0,0.0,0.0,1.0,1.0,1.0,1.0,1.0,1.0,0.0,1.0,1.0,0.0,0.0,1.0,1.0,0.0,0.0,0.0,0.0,0.0,0.0,1.0,0.0,0.0,0.0,0.0,1.0,0.0,1.0,0.0,0.0,0.0,0.0,0.0,0.0,0.0,1.0,0.0,0.0,0.0,0.0,0.0,0.0,0.0,0.0,1.0,0.0,0.0,Other,Other,Other,Other,Other,Other,Other,Other,1,0,1,1,Working_Studying,4,-0.1699088052492194,0.527221941473282
1.004652838498499,0.095746781728748,0.0,0.0,1.0,0,1.0172389340279953,0.4334498677803327,-2.059224271479289,-0.4994023643440362,-0.4295306484694663,1,1,1,0,1,1,0,1,0,0,0,0.0071672158756257,Natural,1.0,0.0,0.0,0.0,0.0,0.0,1.0,0.0,1.0,0.0,0.0,0.0,1.0,0.0,0.0,1.0,0.0,0.0,0.0,0.0,1.0,0.0,1.0,0.0,0.0,1.0,0.0,1.0,1.0,0.0,0.0,1.0,0.0,1.0,0.0,1.0,1.0,0.0,1.0,1.0,0.0,0.0,1.0,1.0,0.0,0.0,0.0,1.0,1.0,0.0,0.0,0.0,0.0,0.0,1.0,0.0,1.0,1.0,0.0,0.0,0.0,0.0,0.0,0.0,1.0,0.0,0.0,0.0,0.0,0.0,0.0,0.0,0.0,0.0,0.0,1.0,0.0,Other,Other,Mala,Other,Saltier,Like_Spicy_Flavor,Watching_Media,Other,1,1,1,1,Watching_Media,2,0.250424790827059,-1.4386489270085283
-0.0977980639246325,0.095746781728748,0.0,1.0,0.0,0,1.0172389340279953,0.4334498677803327,1.311651103615521,0.7643913739959727,1.0708017574520496,1,1,1,1,1,0,0,0,1,0,1,-0.8815675527019375,Natural,1.0,0.0,0.0,0.0,0.0,0.0,0.0,1.0,1.0,1.0,1.0,0.0,1.0,0.0,0.0,0.0,0.0,0.0,0.0,0.0,0.0,0.0,1.0,1.0,1.0,1.0,1.0,1.0,1.0,0.0,0.0,1.0,1.0,1.0,0.0,0.0,1.0,1.0,1.0,1.0,0.0,0.0,1.0,1.0,0.0,0.0,0.0,0.0,0.0,0.0,0.0,0.0,0.0,1.0,0.0,0.0,0.0,0.0,1.0,0.0,0.0,0.0,0.0,0.0,0.0,0.0,0.0,0.0,1.0,0.0,0.0,0.0,0.0,0.0,0.0,0.0,0.0,Other,Other,Other,Not_Attractive,Shrimp_Flavor,Like_Delicious_Flavor,Watching_Media,Other,1,1,0,1,Free_Time,2,1.6540803266464417,1.8441981124506348
1.004652838498499,0.095746781728748,0.0,1.0,0.0,0,-0.8108426285730398,0.4334498677803327,-2.059224271479289,-1.763196102684045,-1.9298630543909825,1,1,1,1,1,1,1,1,1,1,1,0.8959019844531889,Natural,1.0,0.0,0.0,0.0,0.0,0.0,1.0,0.0,1.0,0.0,0.0,1.0,1.0,1.0,0.0,0.0,1.0,0.0,0.0,0.0,1.0,0.0,0.0,0.0,0.0,1.0,0.0,1.0,1.0,1.0,0.0,1.0,1.0,0.0,0.0,0.0,1.0,0.0,0.0,1.0,0.0,0.0,1.0,1.0,0.0,0.0,1.0,1.0,0.0,0.0,1.0,0.0,0.0,1.0,0.0,0.0,0.0,1.0,0.0,0.0,0.0,0.0,1.0,0.0,0.0,0.0,0.0,1.0,0.0,0.0,0.0,0.0,0.0,0.0,0.0,0.0,0.0,Other,Saltier,Other,Other,Other,Other,Other,Already_Salty,0,0,1,0,Party_Drinking,2,0.11458346424666034,-3.9114730547499463
1.004652838498499,0.9437897056119456,0.0,0.0,1.0,1,0.1031981527274776,-1.300349603340998,-0.373786583931884,-0.4994023643440362,-0.4295306484694663,1,1,1,0,0,0,1,0,0,1,1,0.0071672158756257,Natural,1.0,0.0,0.0,0.0,0.0,0.0,1.0,0.0,1.0,0.0,0.0,1.0,1.0,0.0,0.0,1.0,0.0,0.0,0.0,0.0,1.0,0.0,1.0,1.0,1.0,1.0,1.0,1.0,1.0,1.0,1.0,1.0,1.0,1.0,1.0,1.0,1.0,1.0,1.0,1.0,1.0,1.0,1.0,1.0,1.0,1.0,0.0,1.0,1.0,0.0,1.0,0.0,0.0,1.0,1.0,0.0,1.0,1.0,0.0,0.0,0.0,1.0,0.0,0.0,0.0,0.0,0.0,0.0,0.0,0.0,0.0,0.0,0.0,0.0,1.0,0.0,0.0,Other,Try,Spicy,Other,Other,Other,Other,Not_Delicious,1,1,0,0,Other,2,0.2687775685452323,-1.0722360715144732
-0.0977980639246325,0.9437897056119456,1.0,0.0,0.0,0,0.1031981527274776,0.4334498677803327,0.4689322598418184,-0.4994023643440362,-0.4295306484694663,1,0,0,0,0,0,1,0,0,1,1,-1.7703023212795008,Natural,1.0,0.0,0.0,0.0,0.0,0.0,1.0,0.0,1.0,0.0,0.0,0.0,0.0,0.0,0.0,1.0,0.0,0.0,0.0,0.0,0.0,0.0,1.0,1.0,0.0,1.0,1.0,1.0,1.0,0.0,0.0,1.0,1.0,1.0,1.0,0.0,1.0,1.0,1.0,1.0,0.0,0.0,1.0,1.0,0.0,0.0,0.0,0.0,1.0,1.0,1.0,0.0,0.0,0.0,1.0,1.0,1.0,1.0,0.0,0.0,0.0,0.0,1.0,0.0,0.0,0.0,0.0,0.0,0.0,0.0,0.0,0.0,0.0,0.0,0.0,1.0,0.0,Other,Other,Other,Never_Had_Chance,Other,Like_Delicious_Flavor,Other,Other,0,1,0,1,Party_Drinking,4,-0.9113738111221179,-0.5217199446786056
-1.200248966347764,1.7918326294951432,0.0,0.0,1.0,0,0.1031981527274776,0.4334498677803327,-0.373786583931884,0.7643913739959727,-1.9298630543909825,1,0,0,0,0,0,0,0,0,0,0,1.784636753030752,Natural,1.0,0.0,0.0,0.0,0.0,1.0,1.0,1.0,1.0,0.0,1.0,0.0,1.0,0.0,1.0,1.0,0.0,0.0,0.0,0.0,1.0,0.0,0.0,0.0,0.0,1.0,0.0,1.0,1.0,0.0,0.0,1.0,1.0,0.0,0.0,0.0,0.0,0.0,0.0,1.0,0.0,0.0,1.0,1.0,0.0,0.0,0.0,0.0,0.0,0.0,1.0,0.0,0.0,0.0,0.0,0.0,0.0,1.0,0.0,0.0,0.0,0.0,0.0,0.0,1.0,0.0,0.0,0.0,0.0,0.0,0.0,0.0,0.0,0.0,1.0,0.0,0.0,Ajinomoto,Other,Other,Other,Other,Other,Other,Other,1,0,1,1,Watching_Media,2,3.5786363573956907,0.017708327639075306
-0.0977980639246325,0.095746781728748,0.0,0.0,1.0,0,0.1031981527274776,0.4334498677803327,-0.373786583931884,-0.4994023643440362,-0.4295306484694663,1,1,1,0,0,0,1,0,0,0,1,0.0071672158756257,Natural,1.0,0.0,0.0,0.0,0.0,0.0,1.0,0.0,1.0,0.0,0.0,0.0,0.0,0.0,0.0,0.0,0.0,0.0,0.0,0.0,0.0,0.0,1.0,0.0,1.0,1.0,0.0,1.0,1.0,0.0,0.0,1.0,1.0,1.0,0.0,0.0,1.0,0.0,1.0,1.0,0.0,0.0,1.0,1.0,0.0,0.0,0.0,0.0,0.0,0.0,1.0,0.0,0.0,0.0,0.0,0.0,1.0,1.0,0.0,0.0,0.0,0.0,0.0,0.0,0.0,1.0,0.0,0.0,0.0,0.0,0.0,1.0,0.0,0.0,0.0,0.0,0.0,Other,Other,Other,Never_Had_Chance,Saltier,Like_Spicy_Flavor,With_Drinks,Other,1,0,1,1,Working_Studying,4,-1.2496773429463461,-0.27589211098660815
1.004652838498499,-0.7522961421544496,0.0,0.0,1.0,0,0.1031981527274776,0.4334498677803327,-0.373786583931884,0.7643913739959727,0.3206355544912916,1,0,0,0,1,1,0,0,1,0,0,-0.8815675527019375,Natural,1.0,0.0,0.0,0.0,0.0,0.0,1.0,0.0,1.0,0.0,0.0,0.0,1.0,0.0,0.0,1.0,0.0,0.0,0.0,0.0,0.0,0.0,0.0,0.0,1.0,1.0,0.0,1.0,1.0,0.0,0.0,1.0,1.0,0.0,0.0,1.0,1.0,0.0,1.0,1.0,0.0,0.0,1.0,1.0,0.0,0.0,0.0,1.0,0.0,0.0,1.0,0.0,0.0,0.0,0.0,0.0,0.0,1.0,0.0,0.0,0.0,0.0,0.0,0.0,1.0,0.0,0.0,0.0,0.0,0.0,0.0,0.0,0.0,0.0,1.0,0.0,0.0,Other,Other,Other,Other,Other,Like_Delicious_Flavor,Free_Time,Other,1,0,1,1,Watching_Media,4,0.23127971972725578,-0.16520397429543238
1.004652838498499,0.9437897056119456,0.0,0.0,1.0,0,1.0172389340279953,0.4334498677803327,-0.373786583931884,0.7643913739959727,1.0708017574520496,1,1,1,1,0,0,1,0,0,1,0,1.784636753030752,Natural,1.0,0.0,0.0,0.0,0.0,0.0,1.0,1.0,1.0,0.0,1.0,0.0,0.0,0.0,0.0,1.0,0.0,0.0,0.0,0.0,0.0,0.0,1.0,1.0,0.0,1.0,0.0,1.0,1.0,1.0,0.0,1.0,1.0,1.0,1.0,0.0,0.0,0.0,1.0,1.0,0.0,0.0,0.0,1.0,0.0,0.0,0.0,1.0,1.0,1.0,1.0,1.0,1.0,1.0,1.0,1.0,1.0,1.0,0.0,0.0,0.0,0.0,0.0,0.0,1.0,0.0,0.0,0.0,1.0,0.0,0.0,0.0,0.0,0.0,0.0,0.0,0.0,Other,Brand,Spicy_Salt_Roasted,Other,More_Intense_Flavor,Like_Spicy_Flavor,Watching_Media,Other,0,1,1,1,Watching_Media,2,1.5163551596748854,1.094578878372593
-1.200248966347764,0.095746781728748,0.0,0.0,1.0,0,0.1031981527274776,0.4334498677803327,-0.373786583931884,0.7643913739959727,-1.9298630543909825,1,1,1,0,0,0,0,0,0,0,0,0.8959019844531889,Natural,1.0,0.0,0.0,0.0,0.0,0.0,1.0,0.0,0.0,0.0,0.0,0.0,0.0,0.0,0.0,0.0,0.0,0.0,0.0,1.0,0.0,0.0,0.0,0.0,0.0,0.0,0.0,0.0,0.0,0.0,0.0,0.0,1.0,0.0,0.0,0.0,1.0,0.0,1.0,1.0,0.0,0.0,1.0,1.0,0.0,0.0,0.0,0.0,0.0,0.0,1.0,0.0,0.0,0.0,0.0,0.0,0.0,1.0,0.0,0.0,0.0,0.0,0.0,0.0,0.0,1.0,0.0,0.0,0.0,0.0,0.0,0.0,0.0,0.0,1.0,0.0,0.0,Innisfree,Other,Other,Other,Other,Other,Other,Other,1,1,1,1,Working_Studying,4,-2.1662854332788712,0.04804677307397025
1.004652838498499,0.095746781728748,0.0,0.0,1.0,0,1.0172389340279953,0.4334498677803327,1.311651103615521,0.7643913739959727,1.0708017574520496,1,1,0,0,0,0,0,0,0,0,0,0.8959019844531889,Negative,0.0,1.0,0.0,0.0,0.0,0.0,0.0,0.0,0.0,0.0,0.0,0.0,0.0,0.0,0.0,0.0,0.0,0.0,0.0,0.0,0.0,0.0,0.0,1.0,1.0,1.0,0.0,1.0,1.0,1.0,0.0,1.0,1.0,0.0,1.0,1.0,1.0,0.0,1.0,1.0,0.0,0.0,1.0,1.0,0.0,0.0,0.0,1.0,0.0,0.0,1.0,0.0,0.0,0.0,0.0,0.0,0.0,1.0,0.0,0.0,0.0,1.0,0.0,0.0,0.0,0.0,0.0,0.0,0.0,0.0,0.0,0.0,0.0,0.0,1.0,0.0,0.0,Other,Other,Other,Other,Saltier,Like_Spicy_Flavor,Watching_Media,Other,0,0,1,1,Other,4,-1.2732339009549785,1.8822768592872696
-1.200248966347764,0.095746781728748,0.0,0.0,1.0,0,-0.8108426285730398,-1.300349603340998,0.4689322598418184,-0.4994023643440362,0.3206355544912916,1,0,0,0,0,0,1,0,0,0,0,0.8959019844531889,Other,0.0,0.0,1.0,0.0,0.0,0.0,0.0,1.0,0.0,0.0,0.0,0.0,0.0,0.0,0.0,0.0,0.0,0.0,1.0,0.0,0.0,0.0,1.0,0.0,1.0,1.0,0.0,1.0,1.0,0.0,0.0,1.0,1.0,1.0,0.0,0.0,1.0,0.0,1.0,1.0,0.0,0.0,0.0,1.0,0.0,0.0,0.0,0.0,1.0,1.0,1.0,0.0,0.0,0.0,1.0,0.0,0.0,1.0,0.0,0.0,0.0,0.0,0.0,0.0,1.0,0.0,0.0,0.0,1.0,0.0,0.0,0.0,0.0,0.0,0.0,0.0,0.0,Nori,Other,Other,Other,Other,Other,Other,Other,1,0,0,1,Watching_Media,4,-1.668183810152855,1.454185134251032
-1.200248966347764,-0.7522961421544496,1.0,0.0,0.0,0,-0.8108426285730398,-1.300349603340998,-2.059224271479289,-1.763196102684045,1.0708017574520496,1,1,1,1,1,1,1,1,1,1,0,0.8959019844531889,Natural,1.0,0.0,0.0,0.0,0.0,0.0,0.0,0.0,1.0,1.0,0.0,0.0,0.0,0.0,0.0,1.0,0.0,0.0,0.0,0.0,1.0,0.0,0.0,1.0,1.0,1.0,0.0,1.0,0.0,0.0,0.0,1.0,0.0,0.0,1.0,1.0,1.0,0.0,1.0,0.0,0.0,0.0,1.0,0.0,0.0,0.0,0.0,0.0,0.0,0.0,0.0,1.0,1.0,0.0,1.0,0.0,0.0,1.0,1.0,0.0,0.0,0.0,0.0,0.0,0.0,0.0,0.0,0.0,0.0,0.0,0.0,0.0,1.0,0.0,0.0,0.0,0.0,Other,Other,Other,Other,Other,Other,Other,Other,0,1,1,1,Free_Time,4,-0.9845107657398883,-0.9057236502291135
-1.200248966347764,0.095746781728748,0.0,0.0,1.0,0,-2.638924191174075,0.4334498677803327,0.4689322598418184,0.7643913739959727,0.3206355544912916,1,0,0,0,0,0,1,0,0,0,0,-0.8815675527019375,Natural,1.0,0.0,0.0,0.0,0.0,0.0,0.0,0.0,1.0,0.0,0.0,0.0,0.0,0.0,0.0,0.0,0.0,0.0,0.0,0.0,1.0,0.0,1.0,1.0,1.0,1.0,0.0,1.0,1.0,0.0,0.0,1.0,1.0,1.0,1.0,1.0,1.0,0.0,1.0,1.0,0.0,0.0,1.0,1.0,0.0,0.0,0.0,0.0,0.0,0.0,1.0,0.0,0.0,0.0,0.0,0.0,0.0,1.0,0.0,0.0,0.0,1.0,0.0,0.0,0.0,0.0,0.0,0.0,1.0,0.0,0.0,0.0,0.0,0.0,0.0,0.0,0.0,Dairy_Home,Other,Other,Other,Other,Other,Other,Other,0,0,1,0,Other,4,-1.4999466140751383,0.27661078158209634
1.004652838498499,-0.7522961421544496,0.0,0.0,1.0,1,0.1031981527274776,-1.300349603340998,0.4689322598418184,0.7643913739959727,1.0708017574520496,1,0,0,1,0,0,0,1,1,0,0,0.0071672158756257,Positive,0.0,0.0,0.0,1.0,0.0,0.0,1.0,0.0,0.0,0.0,0.0,0.0,0.0,0.0,0.0,0.0,0.0,0.0,0.0,0.0,0.0,0.0,0.0,1.0,1.0,1.0,0.0,1.0,1.0,0.0,0.0,1.0,1.0,0.0,1.0,1.0,1.0,0.0,0.0,1.0,0.0,0.0,1.0,1.0,0.0,0.0,0.0,1.0,0.0,0.0,0.0,0.0,1.0,0.0,0.0,0.0,0.0,0.0,1.0,0.0,0.0,0.0,0.0,0.0,0.0,0.0,0.0,0.0,0.0,0.0,0.0,0.0,0.0,0.0,1.0,0.0,0.0,Other,Try,Crab,Other,Tom_Yum_Flavor,Like_Addictive_Flavor,Party_Drinking,Other,1,1,0,1,Free_Time,4,-1.4735555929793158,0.9565259460765431
-1.200248966347764,-0.7522961421544496,0.0,1.0,0.0,0,-0.8108426285730398,-1.300349603340998,-0.373786583931884,-0.4994023643440362,-1.9298630543909825,1,1,1,1,1,1,1,0,1,0,1,-0.8815675527019375,Natural,1.0,0.0,0.0,0.0,0.0,0.0,0.0,0.0,0.0,0.0,0.0,0.0,0.0,0.0,0.0,0.0,0.0,0.0,0.0,0.0,0.0,0.0,0.0,0.0,0.0,1.0,0.0,1.0,0.0,0.0,0.0,1.0,0.0,0.0,0.0,0.0,1.0,0.0,1.0,0.0,0.0,0.0,1.0,0.0,0.0,0.0,0.0,0.0,0.0,0.0,0.0,1.0,0.0,0.0,0.0,0.0,0.0,0.0,0.0,0.0,0.0,0.0,0.0,1.0,0.0,0.0,0.0,0.0,0.0,0.0,0.0,0.0,0.0,0.0,1.0,0.0,0.0,Other,Other,Other,Other,Other,Other,Other,Other,1,0,0,1,Playing_Games,4,-3.507157547493418,-0.2200047305260973
-1.200248966347764,0.095746781728748,0.0,0.0,1.0,0,1.0172389340279953,0.4334498677803327,-0.373786583931884,0.7643913739959727,0.3206355544912916,1,0,0,0,1,0,0,0,0,0,0,0.8959019844531889,Negative,0.0,1.0,0.0,0.0,0.0,0.0,0.0,0.0,0.0,0.0,0.0,0.0,0.0,0.0,0.0,0.0,0.0,0.0,0.0,0.0,1.0,0.0,0.0,0.0,0.0,0.0,0.0,0.0,0.0,0.0,0.0,0.0,1.0,0.0,0.0,0.0,1.0,0.0,1.0,1.0,0.0,0.0,1.0,1.0,0.0,0.0,0.0,0.0,0.0,0.0,0.0,0.0,0.0,0.0,0.0,0.0,0.0,1.0,1.0,0.0,0.0,0.0,0.0,0.0,0.0,0.0,0.0,0.0,0.0,0.0,0.0,0.0,0.0,1.0,0.0,0.0,0.0,Other,Other,Other,Other,Other,Other,Other,Other,1,0,1,1,Free_Time,4,-1.3736972525034323,0.3983251249844146
1.004652838498499,0.095746781728748,0.0,0.0,1.0,0,0.1031981527274776,0.4334498677803327,-0.373786583931884,-0.4994023643440362,1.0708017574520496,1,0,0,0,1,1,1,0,1,0,0,0.0071672158756257,Natural,1.0,0.0,0.0,0.0,0.0,0.0,0.0,0.0,1.0,0.0,0.0,1.0,1.0,0.0,0.0,0.0,0.0,0.0,0.0,0.0,1.0,0.0,1.0,1.0,1.0,1.0,0.0,1.0,1.0,0.0,0.0,1.0,1.0,1.0,0.0,1.0,1.0,0.0,1.0,1.0,0.0,0.0,1.0,1.0,0.0,0.0,0.0,1.0,0.0,0.0,1.0,0.0,0.0,0.0,0.0,0.0,0.0,1.0,0.0,0.0,0.0,0.0,0.0,0.0,1.0,0.0,0.0,0.0,0.0,1.0,0.0,0.0,0.0,0.0,0.0,0.0,0.0,Ajinomoto,Try,Other,Other,Saltier,Like_Rich_Flavor,Watching_Media,Other,0,0,1,1,Watching_Media,4,0.235810688717767,-0.8307902669178453
1.004652838498499,0.9437897056119456,0.0,1.0,0.0,0,1.0172389340279953,0.4334498677803327,-2.059224271479289,0.7643913739959727,-1.9298630543909825,1,1,1,0,0,0,1,0,0,0,0,0.8959019844531889,Natural,1.0,0.0,0.0,0.0,0.0,0.0,1.0,0.0,1.0,0.0,0.0,0.0,1.0,0.0,0.0,1.0,0.0,0.0,0.0,0.0,0.0,0.0,1.0,0.0,1.0,1.0,0.0,1.0,1.0,1.0,1.0,1.0,1.0,1.0,1.0,1.0,1.0,0.0,1.0,1.0,1.0,1.0,1.0,1.0,0.0,1.0,0.0,1.0,0.0,0.0,1.0,0.0,0.0,0.0,1.0,0.0,0.0,1.0,0.0,1.0,0.0,0.0,0.0,0.0,0.0,0.0,0.0,0.0,0.0,0.0,0.0,0.0,0.0,0.0,1.0,0.0,0.0,Taro,Try,Other,Other,Saltier,Other,Working_Studying,Other,1,1,1,1,Hungry,1,-0.7788462695038542,-1.479466726749499
1.004652838498499,1.7918326294951432,0.0,1.0,0.0,0,1.0172389340279953,0.4334498677803327,0.4689322598418184,0.7643913739959727,1.0708017574520496,1,1,1,0,0,0,0,0,0,0,0,0.0071672158756257,Natural,1.0,0.0,0.0,0.0,0.0,0.0,1.0,0.0,1.0,0.0,0.0,0.0,0.0,0.0,0.0,1.0,0.0,0.0,0.0,0.0,0.0,0.0,0.0,0.0,0.0,1.0,0.0,1.0,1.0,1.0,0.0,0.0,1.0,0.0,0.0,0.0,1.0,0.0,1.0,1.0,1.0,0.0,0.0,1.0,0.0,0.0,0.0,1.0,0.0,0.0,1.0,0.0,0.0,1.0,0.0,0.0,0.0,1.0,0.0,0.0,0.0,0.0,1.0,0.0,0.0,0.0,0.0,0.0,0.0,0.0,0.0,0.0,0.0,0.0,1.0,0.0,0.0,Other,Delicious,Mushroom,Other,Other,Other,Other,Not_Delicious,1,1,1,0,Party_Drinking,4,-0.2338103745133513,0.14866876956642308
1.004652838498499,1.7918326294951432,0.0,1.0,0.0,0,1.0172389340279953,0.4334498677803327,1.311651103615521,0.7643913739959727,1.0708017574520496,1,1,1,0,0,0,0,0,0,0,0,0.0071672158756257,Natural,1.0,0.0,0.0,0.0,0.0,0.0,0.0,0.0,0.0,0.0,0.0,0.0,0.0,0.0,0.0,0.0,0.0,0.0,0.0,0.0,0.0,0.0,0.0,0.0,0.0,0.0,0.0,1.0,0.0,0.0,0.0,0.0,1.0,0.0,0.0,0.0,0.0,0.0,1.0,0.0,0.0,0.0,0.0,1.0,0.0,0.0,0.0,1.0,0.0,0.0,1.0,0.0,0.0,0.0,0.0,0.0,0.0,1.0,0.0,0.0,0.0,0.0,0.0,0.0,1.0,0.0,0.0,0.0,0.0,0.0,0.0,0.0,0.0,0.0,1.0,0.0,0.0,Other,Delicious,Pea,Other,Other,Like_Delicious_Flavor,Watching_Media,Other,1,1,1,1,Watching_Media,4,-0.8762215931069625,1.5277552125688147
-1.200248966347764,1.7918326294951432,0.0,1.0,0.0,0,1.0172389340279953,0.4334498677803327,-2.059224271479289,-0.4994023643440362,1.0708017574520496,1,0,0,0,0,0,0,0,0,0,0,0.0071672158756257,Other,0.0,0.0,1.0,0.0,0.0,0.0,0.0,0.0,0.0,0.0,0.0,0.0,0.0,1.0,0.0,0.0,0.0,0.0,0.0,0.0,1.0,0.0,0.0,0.0,0.0,1.0,0.0,1.0,1.0,0.0,0.0,1.0,1.0,0.0,0.0,0.0,0.0,0.0,1.0,1.0,0.0,0.0,0.0,1.0,0.0,0.0,0.0,0.0,0.0,0.0,1.0,1.0,0.0,0.0,0.0,0.0,1.0,1.0,0.0,0.0,0.0,0.0,1.0,0.0,0.0,0.0,0.0,0.0,0.0,0.0,0.0,0.0,0.0,0.0,1.0,0.0,0.0,Other,Other,Other,Other,Other,Other,Other,Other,1,0,1,1,Party_Drinking,4,-1.1285263253604805,-1.2920394784032287
1.004652838498499,1.7918326294951432,0.0,1.0,0.0,0,1.0172389340279953,0.4334498677803327,1.311651103615521,0.7643913739959727,-0.4295306484694663,1,1,1,0,1,0,0,0,0,0,0,0.0071672158756257,Other,0.0,0.0,1.0,0.0,0.0,1.0,1.0,1.0,1.0,0.0,1.0,0.0,1.0,1.0,0.0,0.0,1.0,0.0,0.0,0.0,1.0,0.0,0.0,0.0,0.0,1.0,0.0,1.0,1.0,1.0,0.0,1.0,1.0,0.0,0.0,0.0,1.0,0.0,1.0,1.0,1.0,0.0,1.0,1.0,0.0,0.0,0.0,1.0,0.0,0.0,1.0,0.0,0.0,0.0,1.0,0.0,0.0,1.0,0.0,0.0,0.0,0.0,0.0,0.0,1.0,0.0,0.0,0.0,0.0,0.0,0.0,0.0,0.0,0.0,1.0,0.0,0.0,Other,Other,Other,Other,Saltier,Like_Delicious_Flavor,Watching_Media,Other,1,0,1,1,Watching_Media,2,4.250212702367123,0.13518778964374906
-1.200248966347764,1.7918326294951432,0.0,1.0,0.0,0,0.1031981527274776,-1.300349603340998,-0.373786583931884,-0.4994023643440362,0.3206355544912916,1,0,0,0,0,0,0,1,1,0,0,0.0071672158756257,Natural,1.0,0.0,0.0,0.0,0.0,0.0,0.0,1.0,0.0,0.0,1.0,0.0,1.0,0.0,0.0,0.0,1.0,0.0,0.0,0.0,1.0,0.0,0.0,0.0,1.0,0.0,0.0,1.0,1.0,0.0,0.0,0.0,1.0,0.0,0.0,1.0,0.0,0.0,1.0,1.0,0.0,0.0,0.0,1.0,0.0,0.0,0.0,0.0,0.0,0.0,1.0,0.0,0.0,1.0,0.0,0.0,0.0,1.0,0.0,0.0,0.0,0.0,0.0,0.0,1.0,0.0,0.0,0.0,0.0,0.0,0.0,0.0,0.0,0.0,1.0,0.0,0.0,Nori,Other,Other,Other,Other,Other,Other,Other,1,1,1,1,Watching_Media,2,1.0130679895109667,-0.28770827420910416
-1.200248966347764,1.7918326294951432,0.0,1.0,0.0,0,-0.8108426285730398,0.4334498677803327,-0.373786583931884,0.7643913739959727,-0.4295306484694663,1,0,0,0,0,0,0,0,0,0,0,-1.7703023212795008,Negative,0.0,1.0,0.0,0.0,0.0,0.0,0.0,0.0,0.0,0.0,0.0,0.0,0.0,0.0,0.0,0.0,0.0,0.0,0.0,0.0,0.0,0.0,0.0,0.0,0.0,1.0,0.0,1.0,1.0,0.0,0.0,1.0,1.0,0.0,0.0,0.0,1.0,0.0,1.0,1.0,0.0,0.0,1.0,1.0,0.0,0.0,0.0,0.0,0.0,0.0,1.0,0.0,0.0,0.0,0.0,0.0,0.0,1.0,1.0,0.0,0.0,0.0,0.0,0.0,0.0,0.0,0.0,0.0,0.0,0.0,0.0,0.0,0.0,0.0,1.0,0.0,0.0,Other,Other,Other,Other,Other,Other,Other,Other,1,1,1,1,Free_Time,4,-2.3814950999331406,0.4752309068127401
-1.200248966347764,1.7918326294951432,0.0,1.0,0.0,0,1.0172389340279953,0.4334498677803327,1.311651103615521,0.7643913739959727,1.0708017574520496,1,0,0,0,0,0,0,0,0,0,0,0.0071672158756257,Natural,1.0,0.0,0.0,0.0,0.0,1.0,1.0,1.0,0.0,1.0,1.0,0.0,0.0,0.0,0.0,1.0,0.0,0.0,0.0,0.0,0.0,0.0,0.0,0.0,0.0,0.0,0.0,0.0,1.0,0.0,0.0,0.0,1.0,0.0,0.0,0.0,0.0,0.0,0.0,1.0,0.0,0.0,0.0,1.0,0.0,0.0,0.0,0.0,0.0,0.0,1.0,1.0,0.0,0.0,1.0,0.0,1.0,1.0,0.0,0.0,0.0,1.0,0.0,0.0,0.0,0.0,0.0,0.0,0.0,0.0,0.0,0.0,0.0,0.0,1.0,0.0,0.0,Other,Other,Other,Other,Other,Other,Other,Other,1,0,1,1,Other,2,2.901449586851869,3.0945658732647203
-1.200248966347764,1.7918326294951432,0.0,1.0,0.0,0,1.0172389340279953,0.4334498677803327,-2.059224271479289,0.7643913739959727,-0.4295306484694663,1,0,0,0,0,0,0,0,0,0,0,0.0071672158756257,Natural,1.0,0.0,0.0,0.0,0.0,0.0,0.0,0.0,0.0,0.0,0.0,0.0,1.0,0.0,0.0,0.0,0.0,0.0,0.0,0.0,0.0,0.0,0.0,0.0,0.0,1.0,0.0,1.0,1.0,0.0,0.0,1.0,1.0,0.0,0.0,0.0,0.0,0.0,1.0,1.0,0.0,0.0,0.0,1.0,0.0,0.0,0.0,0.0,0.0,0.0,0.0,1.0,0.0,0.0,0.0,0.0,0.0,0.0,0.0,0.0,0.0,0.0,1.0,0.0,0.0,0.0,0.0,0.0,0.0,0.0,0.0,0.0,0.0,0.0,1.0,0.0,0.0,Other,Other,Other,Other,Other,Other,Other,Other,1,1,1,1,Party_Drinking,4,-1.7702370701372756,-0.7693948679410074
1.004652838498499,1.7918326294951432,0.0,0.0,1.0,0,1.0172389340279953,0.4334498677803327,1.311651103615521,0.7643913739959727,-1.9298630543909825,1,0,0,1,0,0,0,0,0,0,0,-1.7703023212795008,Natural,1.0,0.0,0.0,0.0,0.0,0.0,0.0,0.0,0.0,0.0,0.0,0.0,0.0,0.0,0.0,1.0,0.0,0.0,0.0,0.0,0.0,0.0,0.0,0.0,0.0,1.0,0.0,1.0,1.0,0.0,0.0,1.0,1.0,0.0,0.0,0.0,1.0,0.0,0.0,1.0,0.0,0.0,1.0,0.0,0.0,0.0,0.0,1.0,1.0,0.0,1.0,1.0,0.0,1.0,1.0,0.0,1.0,1.0,0.0,0.0,0.0,0.0,0.0,0.0,1.0,0.0,0.0,0.0,0.0,0.0,0.0,0.0,0.0,0.0,1.0,0.0,0.0,Other,Delicious,Wasabi,Other,Spicier,Like_Delicious_Flavor,With_Drinks,Other,1,1,0,1,Watching_Media,4,-1.0051110409953077,0.8265989431168651
-1.200248966347764,1.7918326294951432,0.0,0.0,1.0,0,0.1031981527274776,-1.300349603340998,-0.373786583931884,-0.4994023643440362,1.0708017574520496,1,0,0,0,1,0,1,0,0,0,0,0.0071672158756257,Natural,1.0,0.0,0.0,0.0,0.0,0.0,1.0,0.0,0.0,0.0,0.0,1.0,0.0,0.0,0.0,0.0,1.0,0.0,0.0,0.0,1.0,0.0,1.0,0.0,0.0,1.0,0.0,1.0,1.0,0.0,0.0,1.0,1.0,1.0,0.0,0.0,1.0,0.0,1.0,1.0,0.0,0.0,1.0,1.0,0.0,0.0,0.0,0.0,0.0,0.0,1.0,0.0,0.0,0.0,0.0,0.0,1.0,1.0,1.0,0.0,0.0,0.0,0.0,0.0,0.0,0.0,0.0,0.0,0.0,0.0,0.0,0.0,0.0,0.0,1.0,0.0,0.0,Other,Other,Other,Other,Other,Other,Other,Other,0,0,1,1,Free_Time,4,-0.29213610620617214,-0.808742884784611
-1.200248966347764,1.7918326294951432,0.0,1.0,0.0,0,1.0172389340279953,-1.300349603340998,-0.373786583931884,-0.4994023643440362,0.3206355544912916,1,0,0,0,0,0,0,0,0,0,0,-0.8815675527019375,Natural,1.0,0.0,0.0,0.0,0.0,0.0,0.0,0.0,1.0,0.0,0.0,0.0,1.0,0.0,0.0,0.0,0.0,0.0,0.0,0.0,1.0,0.0,0.0,0.0,0.0,0.0,0.0,1.0,1.0,0.0,0.0,0.0,1.0,0.0,0.0,0.0,0.0,0.0,1.0,1.0,0.0,0.0,0.0,1.0,0.0,0.0,0.0,0.0,0.0,0.0,0.0,0.0,0.0,0.0,0.0,0.0,0.0,0.0,1.0,0.0,0.0,0.0,0.0,0.0,0.0,0.0,0.0,0.0,1.0,0.0,0.0,0.0,0.0,0.0,0.0,0.0,0.0,Other,Other,Other,Other,Other,Other,Other,Other,1,1,1,1,Free_Time,4,-0.9547273130249733,-0.6562957422985155
-0.0977980639246325,1.7918326294951432,0.0,0.0,1.0,0,1.0172389340279953,0.4334498677803327,1.311651103615521,0.7643913739959727,0.3206355544912916,1,0,0,0,0,1,0,0,1,0,0,0.8959019844531889,Natural,1.0,0.0,0.0,0.0,0.0,0.0,0.0,0.0,1.0,0.0,0.0,0.0,1.0,1.0,0.0,0.0,0.0,0.0,0.0,0.0,1.0,0.0,0.0,0.0,0.0,1.0,0.0,1.0,1.0,0.0,0.0,0.0,1.0,0.0,0.0,0.0,0.0,0.0,1.0,1.0,0.0,0.0,0.0,1.0,0.0,0.0,0.0,0.0,0.0,0.0,0.0,0.0,0.0,0.0,0.0,0.0,0.0,0.0,0.0,0.0,0.0,0.0,0.0,0.0,1.0,0.0,0.0,0.0,0.0,0.0,0.0,0.0,1.0,0.0,0.0,0.0,0.0,Nori,Other,Other,Not_Attractive,Tom_Yum_Flavor,Like_Spicy_Flavor,Watching_Media,Other,1,1,1,1,Watching_Media,2,0.8740418732790094,-0.20764647713529144
-1.200248966347764,1.7918326294951432,0.0,0.0,1.0,0,0.1031981527274776,0.4334498677803327,1.311651103615521,0.7643913739959727,1.0708017574520496,1,0,0,1,0,1,0,0,1,0,0,-1.7703023212795008,Natural,1.0,0.0,0.0,0.0,1.0,0.0,0.0,0.0,0.0,0.0,0.0,0.0,0.0,0.0,0.0,0.0,0.0,1.0,0.0,0.0,0.0,0.0,0.0,0.0,0.0,1.0,0.0,1.0,1.0,0.0,0.0,0.0,1.0,0.0,0.0,0.0,1.0,0.0,1.0,1.0,0.0,0.0,0.0,1.0,0.0,0.0,0.0,0.0,0.0,0.0,1.0,0.0,0.0,0.0,0.0,0.0,0.0,1.0,0.0,0.0,0.0,1.0,0.0,0.0,0.0,0.0,0.0,0.0,0.0,0.0,0.0,0.0,0.0,0.0,1.0,0.0,0.0,Other,Other,Other,Other,Other,Other,Other,Other,1,1,1,1,Other,3,-2.6847594608058105,12.438599123263048
1.004652838498499,1.7918326294951432,1.0,0.0,0.0,0,-0.8108426285730398,-1.300349603340998,0.4689322598418184,-0.4994023643440362,-0.4295306484694663,1,0,0,1,0,0,0,0,0,0,0,-1.7703023212795008,Negative,0.0,1.0,0.0,0.0,0.0,0.0,0.0,0.0,0.0,0.0,0.0,0.0,0.0,0.0,0.0,0.0,0.0,0.0,0.0,0.0,1.0,0.0,0.0,0.0,0.0,0.0,0.0,0.0,1.0,0.0,0.0,0.0,1.0,0.0,0.0,0.0,0.0,0.0,0.0,1.0,0.0,0.0,0.0,1.0,0.0,0.0,0.0,1.0,0.0,0.0,0.0,0.0,0.0,0.0,0.0,0.0,0.0,0.0,0.0,0.0,0.0,1.0,0.0,0.0,0.0,0.0,0.0,0.0,0.0,0.0,0.0,0.0,0.0,0.0,1.0,0.0,0.0,Other,Delicious,Laab,Other,Laab_Flavor,Like_Spicy_Flavor,Party_Drinking,Other,1,1,1,1,Other,4,-2.0254537159011425,0.3027066546844797
-1.200248966347764,1.7918326294951432,0.0,0.0,1.0,0,1.0172389340279953,0.4334498677803327,0.4689322598418184,0.7643913739959727,1.0708017574520496,1,0,0,0,0,0,0,0,0,0,0,0.0071672158756257,Natural,1.0,0.0,0.0,0.0,0.0,0.0,0.0,0.0,1.0,0.0,0.0,0.0,1.0,1.0,0.0,0.0,1.0,0.0,0.0,0.0,1.0,0.0,0.0,0.0,0.0,1.0,0.0,1.0,1.0,0.0,0.0,0.0,1.0,0.0,0.0,0.0,1.0,0.0,1.0,1.0,0.0,0.0,0.0,1.0,0.0,0.0,0.0,0.0,0.0,0.0,0.0,0.0,0.0,1.0,1.0,0.0,1.0,0.0,0.0,0.0,0.0,1.0,0.0,0.0,0.0,0.0,0.0,0.0,0.0,0.0,0.0,0.0,0.0,0.0,1.0,0.0,0.0,Mister_Potato,Other,Other,Other,Other,Other,Other,Other,1,1,1,1,Other,2,1.0154517478148914,-0.446693371184154
-1.200248966347764,1.7918326294951432,0.0,1.0,0.0,0,0.1031981527274776,0.4334498677803327,-0.373786583931884,-0.4994023643440362,-0.4295306484694663,1,0,0,0,0,0,0,0,0,0,0,0.0071672158756257,Natural,1.0,0.0,0.0,0.0,0.0,0.0,0.0,0.0,1.0,0.0,0.0,0.0,1.0,0.0,0.0,0.0,0.0,0.0,0.0,0.0,0.0,0.0,0.0,0.0,0.0,1.0,0.0,1.0,1.0,0.0,0.0,0.0,1.0,0.0,0.0,0.0,0.0,0.0,1.0,1.0,0.0,0.0,0.0,1.0,0.0,0.0,0.0,0.0,0.0,0.0,1.0,0.0,0.0,0.0,0.0,0.0,0.0,1.0,0.0,1.0,0.0,0.0,0.0,0.0,0.0,0.0,0.0,0.0,0.0,0.0,0.0,0.0,0.0,0.0,1.0,0.0,0.0,Other,Other,Other,Other,Other,Other,Other,Other,1,1,1,1,Hungry,1,-1.5080990946002173,-0.837082890993941
-0.0977980639246325,-0.7522961421544496,0.0,1.0,0.0,0,1.0172389340279953,0.4334498677803327,-0.373786583931884,-0.4994023643440362,-1.9298630543909825,1,0,0,1,0,0,1,0,0,1,1,-1.7703023212795008,Natural,1.0,0.0,0.0,0.0,0.0,0.0,0.0,1.0,1.0,0.0,1.0,0.0,1.0,0.0,0.0,1.0,0.0,0.0,0.0,0.0,1.0,0.0,0.0,0.0,0.0,0.0,0.0,0.0,1.0,0.0,0.0,0.0,1.0,0.0,0.0,1.0,1.0,0.0,1.0,1.0,0.0,0.0,1.0,1.0,0.0,0.0,0.0,0.0,0.0,0.0,0.0,0.0,0.0,1.0,1.0,0.0,0.0,0.0,0.0,1.0,0.0,0.0,0.0,0.0,0.0,0.0,0.0,0.0,0.0,0.0,0.0,0.0,0.0,0.0,1.0,0.0,0.0,Nori,Other,Other,Used_to_Old_Flavors,Tom_Yum_Flavor,Like_Spicy_Flavor,Other,Other,1,1,1,1,Hungry,1,0.7467601312436992,-0.9623508482858835
1.004652838498499,0.095746781728748,0.0,0.0,1.0,0,-2.638924191174075,-1.300349603340998,-0.373786583931884,0.7643913739959727,-0.4295306484694663,1,1,1,1,1,1,1,1,1,1,1,0.8959019844531889,Negative,0.0,1.0,0.0,0.0,0.0,0.0,0.0,0.0,0.0,0.0,0.0,0.0,1.0,0.0,0.0,1.0,0.0,0.0,0.0,0.0,0.0,0.0,0.0,0.0,1.0,1.0,0.0,1.0,1.0,0.0,0.0,1.0,1.0,0.0,0.0,1.0,1.0,0.0,1.0,1.0,0.0,0.0,0.0,1.0,0.0,0.0,0.0,1.0,0.0,0.0,0.0,0.0,0.0,0.0,0.0,0.0,0.0,0.0,0.0,0.0,0.0,0.0,0.0,0.0,1.0,0.0,0.0,0.0,0.0,0.0,0.0,0.0,0.0,0.0,1.0,0.0,0.0,Moleculogy,Try,Other,Other,Other,Other,Other,Not_Delicious,0,0,1,0,Watching_Media,4,-1.54517693795363,-0.34194761577093374
1.004652838498499,-0.7522961421544496,0.0,1.0,0.0,0,0.1031981527274776,-1.300349603340998,0.4689322598418184,0.7643913739959727,1.0708017574520496,1,0,0,0,0,0,1,1,1,0,0,0.8959019844531889,Natural,1.0,0.0,0.0,0.0,0.0,0.0,0.0,0.0,1.0,0.0,1.0,1.0,1.0,1.0,0.0,1.0,1.0,0.0,0.0,0.0,1.0,0.0,0.0,0.0,0.0,0.0,0.0,0.0,0.0,0.0,0.0,0.0,0.0,0.0,0.0,0.0,1.0,0.0,1.0,1.0,0.0,0.0,0.0,1.0,1.0,1.0,0.0,1.0,0.0,0.0,0.0,0.0,0.0,0.0,0.0,0.0,0.0,0.0,0.0,0.0,0.0,1.0,0.0,0.0,0.0,0.0,0.0,0.0,0.0,0.0,0.0,0.0,0.0,0.0,0.0,0.0,1.0,Other,Try,Other,Other,Other,Like_Delicious_Flavor,Other,Other,1,1,1,1,Other,2,2.2901271662052998,-0.774373803717447
-1.200248966347764,0.095746781728748,0.0,0.0,1.0,0,-2.638924191174075,0.4334498677803327,1.311651103615521,0.7643913739959727,-0.4295306484694663,1,0,0,1,0,0,0,1,1,0,0,0.8959019844531889,Positive,0.0,0.0,0.0,1.0,0.0,0.0,1.0,1.0,1.0,0.0,1.0,1.0,1.0,1.0,0.0,1.0,1.0,0.0,0.0,0.0,1.0,0.0,0.0,0.0,0.0,1.0,0.0,1.0,1.0,0.0,0.0,1.0,1.0,0.0,0.0,0.0,1.0,0.0,1.0,1.0,0.0,0.0,1.0,1.0,0.0,0.0,0.0,0.0,0.0,0.0,1.0,0.0,0.0,0.0,1.0,0.0,0.0,1.0,0.0,0.0,0.0,1.0,0.0,0.0,0.0,0.0,0.0,0.0,0.0,0.0,0.0,0.0,0.0,0.0,1.0,0.0,0.0,Shisuoka,Other,Other,Other,Other,Other,Other,Other,0,1,1,1,Other,2,2.9732802662911983,-0.8276598739266965
1.004652838498499,-0.7522961421544496,0.0,0.0,1.0,0,-2.638924191174075,0.4334498677803327,-0.373786583931884,0.7643913739959727,-1.9298630543909825,1,0,0,0,0,0,0,0,0,0,0,0.0071672158756257,Natural,1.0,0.0,0.0,0.0,0.0,0.0,0.0,0.0,0.0,0.0,0.0,0.0,0.0,0.0,0.0,0.0,0.0,0.0,0.0,0.0,0.0,1.0,1.0,0.0,1.0,1.0,0.0,1.0,1.0,0.0,0.0,1.0,1.0,1.0,0.0,1.0,1.0,0.0,1.0,1.0,0.0,0.0,1.0,1.0,0.0,0.0,0.0,1.0,0.0,0.0,1.0,1.0,0.0,0.0,0.0,0.0,0.0,1.0,0.0,0.0,0.0,1.0,0.0,0.0,0.0,0.0,0.0,0.0,0.0,0.0,0.0,0.0,0.0,0.0,1.0,0.0,0.0,Other,Delicious,Bell_Pepper,Other,Saltier,Like_Saltier_Flavor,Other,Other,0,1,1,1,Other,1,-3.7634999500417443,0.6005510818512627
1.004652838498499,0.095746781728748,0.0,1.0,0.0,0,0.1031981527274776,0.4334498677803327,-0.373786583931884,-0.4994023643440362,0.3206355544912916,1,1,1,1,0,0,0,0,0,0,1,0.0071672158756257,Other,0.0,0.0,1.0,0.0,0.0,0.0,1.0,1.0,1.0,0.0,1.0,0.0,0.0,0.0,0.0,1.0,0.0,0.0,0.0,0.0,0.0,0.0,0.0,0.0,0.0,1.0,0.0,1.0,0.0,0.0,0.0,1.0,1.0,0.0,0.0,0.0,1.0,0.0,1.0,1.0,0.0,0.0,1.0,1.0,0.0,0.0,0.0,1.0,0.0,0.0,1.0,0.0,0.0,0.0,1.0,0.0,1.0,1.0,0.0,0.0,0.0,1.0,0.0,0.0,0.0,0.0,0.0,0.0,0.0,0.0,0.0,0.0,1.0,0.0,0.0,0.0,0.0,Diamond_grain,Delicious,Other,Other,Tom_Yum_Flavor,Like_Delicious_Flavor,Watching_Media,Other,1,0,1,1,Other,2,0.5796232188131032,0.9189658587907297
-1.200248966347764,-0.7522961421544496,0.0,1.0,0.0,0,-2.638924191174075,0.4334498677803327,-2.059224271479289,0.7643913739959727,1.0708017574520496,1,0,0,1,1,1,1,1,1,0,0,-1.7703023212795008,Natural,1.0,0.0,0.0,0.0,0.0,0.0,0.0,0.0,0.0,0.0,0.0,1.0,0.0,1.0,0.0,0.0,1.0,0.0,0.0,0.0,1.0,0.0,0.0,0.0,1.0,1.0,0.0,1.0,1.0,0.0,0.0,1.0,1.0,0.0,0.0,1.0,1.0,0.0,1.0,1.0,0.0,0.0,1.0,1.0,0.0,0.0,0.0,0.0,0.0,0.0,0.0,0.0,1.0,0.0,0.0,0.0,1.0,0.0,0.0,0.0,0.0,0.0,0.0,0.0,0.0,1.0,0.0,0.0,1.0,0.0,0.0,0.0,0.0,0.0,0.0,0.0,0.0,Other,Other,Other,Other,Other,Other,Other,Other,1,0,1,1,Working_Studying,4,-0.3921424553136637,-1.8806730013497563
-1.200248966347764,-0.7522961421544496,0.0,1.0,0.0,0,-2.638924191174075,0.4334498677803327,-0.373786583931884,-1.763196102684045,0.3206355544912916,1,0,0,0,0,0,0,0,0,0,0,-1.7703023212795008,Natural,1.0,0.0,0.0,0.0,0.0,0.0,0.0,0.0,0.0,0.0,0.0,0.0,0.0,0.0,0.0,0.0,0.0,0.0,0.0,0.0,0.0,0.0,0.0,0.0,1.0,1.0,0.0,1.0,1.0,0.0,0.0,1.0,1.0,0.0,0.0,0.0,1.0,0.0,0.0,1.0,0.0,0.0,1.0,1.0,0.0,0.0,0.0,0.0,0.0,0.0,1.0,0.0,0.0,0.0,0.0,0.0,0.0,1.0,0.0,1.0,0.0,0.0,0.0,0.0,0.0,0.0,0.0,0.0,1.0,0.0,0.0,0.0,0.0,0.0,0.0,0.0,0.0,Ajinomoto,Other,Other,Other,Other,Other,Other,Other,0,0,1,0,Hungry,1,-2.9949902385738927,-0.624853659128235
-1.200248966347764,0.095746781728748,0.0,1.0,0.0,0,0.1031981527274776,-3.0341490744623285,-0.373786583931884,-1.763196102684045,-1.1796968514302244,1,0,0,0,0,0,0,0,0,0,0,-0.8815675527019375,Natural,1.0,0.0,0.0,0.0,0.0,0.0,0.0,0.0,0.0,0.0,0.0,0.0,0.0,0.0,0.0,0.0,0.0,0.0,0.0,0.0,0.0,0.0,0.0,0.0,1.0,1.0,0.0,1.0,1.0,0.0,0.0,1.0,1.0,0.0,0.0,1.0,1.0,0.0,1.0,1.0,0.0,0.0,1.0,1.0,0.0,0.0,0.0,0.0,0.0,0.0,1.0,0.0,0.0,1.0,1.0,0.0,0.0,1.0,0.0,0.0,0.0,0.0,0.0,0.0,1.0,0.0,0.0,0.0,0.0,0.0,0.0,0.0,0.0,0.0,1.0,0.0,0.0,Other,Other,Other,Other,Other,Other,Other,Other,1,0,1,1,Watching_Media,4,-2.62804209636771,-0.2655945394965269
-1.200248966347764,-0.7522961421544496,0.0,0.0,1.0,0,-0.8108426285730398,0.4334498677803327,1.311651103615521,0.7643913739959727,-0.4295306484694663,1,0,0,1,0,0,1,0,0,0,0,0.0071672158756257,Natural,1.0,0.0,0.0,0.0,0.0,0.0,0.0,0.0,0.0,0.0,0.0,0.0,1.0,1.0,0.0,1.0,1.0,0.0,0.0,0.0,1.0,0.0,1.0,0.0,0.0,1.0,0.0,1.0,1.0,0.0,0.0,1.0,1.0,1.0,0.0,0.0,1.0,0.0,1.0,1.0,0.0,0.0,0.0,1.0,0.0,0.0,0.0,0.0,0.0,0.0,1.0,0.0,0.0,1.0,0.0,0.0,0.0,1.0,0.0,0.0,0.0,0.0,0.0,0.0,0.0,1.0,0.0,0.0,0.0,0.0,0.0,0.0,0.0,0.0,1.0,0.0,0.0,Other,Other,Other,Other,Other,Other,Other,Other,1,1,1,1,Working_Studying,2,0.7355254808051721,-1.0925102478708175
1.004652838498499,0.095746781728748,1.0,0.0,0.0,0,0.1031981527274776,0.4334498677803327,-0.373786583931884,-0.4994023643440362,0.3206355544912916,1,1,1,0,0,0,0,0,0,0,0,0.0071672158756257,Natural,1.0,0.0,0.0,0.0,0.0,0.0,1.0,0.0,1.0,0.0,0.0,1.0,1.0,0.0,0.0,0.0,0.0,0.0,0.0,0.0,1.0,0.0,0.0,0.0,1.0,1.0,0.0,1.0,1.0,1.0,0.0,1.0,1.0,0.0,0.0,1.0,1.0,0.0,0.0,1.0,1.0,0.0,1.0,1.0,0.0,0.0,0.0,1.0,0.0,0.0,1.0,0.0,0.0,1.0,1.0,0.0,0.0,1.0,0.0,0.0,0.0,0.0,0.0,0.0,0.0,1.0,0.0,0.0,0.0,0.0,0.0,0.0,0.0,0.0,1.0,0.0,0.0,Ajinomoto,Delicious,Shrimp_in_Fish_Sauce,Other,Shrimp_Flavor,Like_Delicious_Flavor,Free_Time,Other,1,1,1,1,Working_Studying,4,0.3552849859360194,-1.2711614527080435
-0.0977980639246325,0.9437897056119456,0.0,1.0,0.0,0,-0.8108426285730398,-3.0341490744623285,-0.373786583931884,-1.763196102684045,-0.4295306484694663,1,1,1,1,1,1,1,1,1,1,1,0.8959019844531889,Natural,1.0,0.0,0.0,0.0,0.0,0.0,0.0,0.0,0.0,0.0,0.0,0.0,1.0,1.0,0.0,0.0,0.0,0.0,0.0,0.0,1.0,0.0,0.0,0.0,1.0,1.0,0.0,1.0,1.0,0.0,0.0,1.0,1.0,0.0,0.0,1.0,1.0,0.0,1.0,1.0,0.0,0.0,1.0,1.0,0.0,0.0,0.0,0.0,0.0,0.0,0.0,0.0,0.0,1.0,0.0,0.0,0.0,1.0,0.0,0.0,0.0,0.0,0.0,0.0,1.0,0.0,0.0,0.0,1.0,0.0,0.0,0.0,0.0,0.0,0.0,0.0,0.0,Other,Other,Other,Never_Had_Chance,Tom_Yum_Flavor,Like_Spicy_Flavor,Other,Other,0,0,1,1,Watching_Media,4,-1.1534961499984377,-1.526528111293108
-0.0977980639246325,-0.7522961421544496,0.0,1.0,0.0,0,0.1031981527274776,0.4334498677803327,0.4689322598418184,0.7643913739959727,-1.1796968514302244,1,1,1,0,0,0,1,0,0,0,0,-0.8815675527019375,Natural,1.0,0.0,0.0,0.0,0.0,0.0,0.0,0.0,1.0,0.0,0.0,0.0,0.0,0.0,0.0,0.0,0.0,0.0,0.0,0.0,0.0,0.0,1.0,1.0,1.0,1.0,1.0,1.0,1.0,1.0,0.0,1.0,1.0,1.0,0.0,1.0,1.0,0.0,1.0,1.0,0.0,0.0,1.0,1.0,0.0,0.0,0.0,0.0,0.0,0.0,1.0,0.0,0.0,0.0,1.0,0.0,1.0,1.0,0.0,1.0,0.0,0.0,0.0,0.0,0.0,0.0,0.0,0.0,0.0,0.0,0.0,0.0,0.0,0.0,1.0,0.0,0.0,Other,Other,Other,Other,Other,Other,Other,Already_Salty,1,0,0,0,Hungry,1,-1.7599763898590906,-0.05648531200467696
-1.200248966347764,0.9437897056119456,0.0,0.0,1.0,0,0.1031981527274776,0.4334498677803327,1.311651103615521,0.7643913739959727,0.3206355544912916,1,0,0,0,0,0,1,0,0,0,0,0.0071672158756257,Natural,1.0,0.0,0.0,0.0,0.0,0.0,1.0,1.0,0.0,0.0,1.0,0.0,0.0,0.0,0.0,0.0,0.0,0.0,0.0,0.0,0.0,0.0,0.0,0.0,0.0,0.0,0.0,0.0,0.0,0.0,0.0,0.0,1.0,1.0,0.0,1.0,1.0,0.0,1.0,1.0,0.0,0.0,1.0,1.0,0.0,0.0,0.0,0.0,1.0,0.0,1.0,0.0,0.0,0.0,0.0,0.0,1.0,1.0,1.0,0.0,0.0,0.0,0.0,0.0,0.0,0.0,0.0,0.0,1.0,0.0,0.0,0.0,0.0,0.0,0.0,0.0,0.0,Other,Other,Other,Other,Other,Other,Other,Other,1,1,1,1,Free_Time,4,0.18426564524649128,1.7947716191460477
-1.200248966347764,-0.7522961421544496,0.0,1.0,0.0,0,-0.8108426285730398,0.4334498677803327,-2.059224271479289,-0.4994023643440362,1.0708017574520496,1,1,1,1,1,1,1,1,1,1,1,0.8959019844531889,Positive,0.0,0.0,0.0,1.0,0.0,0.0,0.0,0.0,0.0,1.0,0.0,0.0,0.0,0.0,0.0,0.0,0.0,0.0,0.0,0.0,1.0,0.0,0.0,1.0,1.0,1.0,0.0,1.0,1.0,0.0,0.0,1.0,1.0,0.0,0.0,1.0,1.0,0.0,1.0,0.0,0.0,0.0,1.0,1.0,0.0,0.0,0.0,0.0,0.0,0.0,1.0,0.0,0.0,0.0,0.0,0.0,0.0,1.0,0.0,0.0,0.0,0.0,0.0,0.0,1.0,0.0,0.0,0.0,1.0,0.0,0.0,0.0,0.0,0.0,0.0,0.0,0.0,Other,Other,Other,Other,Other,Other,Other,Other,1,0,1,1,Watching_Media,4,-0.8165945254400309,-0.07208571072586015
1.004652838498499,-0.7522961421544496,0.0,0.0,1.0,0,1.0172389340279953,0.4334498677803327,1.311651103615521,0.7643913739959727,1.0708017574520496,1,1,1,1,1,1,1,1,1,1,0,-1.7703023212795008,Natural,1.0,0.0,0.0,0.0,0.0,0.0,0.0,0.0,0.0,0.0,0.0,0.0,0.0,0.0,0.0,0.0,0.0,0.0,0.0,0.0,0.0,0.0,1.0,1.0,1.0,1.0,0.0,1.0,1.0,1.0,1.0,1.0,1.0,1.0,1.0,1.0,1.0,0.0,1.0,1.0,1.0,1.0,1.0,1.0,1.0,0.0,0.0,1.0,0.0,0.0,1.0,0.0,0.0,1.0,1.0,0.0,0.0,1.0,1.0,0.0,0.0,0.0,0.0,0.0,0.0,0.0,0.0,0.0,1.0,0.0,0.0,0.0,0.0,0.0,0.0,0.0,0.0,Other,Affordable,Mala,Other,Mala_Flavor,Like_Spicy_Flavor,Free_Time,Other,0,1,0,1,Free_Time,4,-1.407665749963148,1.5079514449560334
-1.200248966347764,0.095746781728748,0.0,1.0,0.0,0,-0.8108426285730398,-3.0341490744623285,-0.373786583931884,-0.4994023643440362,-0.4295306484694663,1,0,0,0,0,0,0,0,0,0,0,0.0071672158756257,Negative,0.0,1.0,0.0,0.0,0.0,0.0,0.0,0.0,0.0,0.0,0.0,0.0,0.0,0.0,0.0,0.0,0.0,0.0,0.0,0.0,0.0,0.0,0.0,0.0,0.0,0.0,0.0,0.0,0.0,0.0,0.0,0.0,1.0,0.0,0.0,1.0,1.0,0.0,1.0,1.0,0.0,0.0,1.0,1.0,0.0,0.0,0.0,0.0,0.0,0.0,0.0,0.0,0.0,0.0,0.0,0.0,0.0,0.0,0.0,0.0,0.0,1.0,0.0,0.0,0.0,0.0,0.0,0.0,1.0,0.0,0.0,0.0,0.0,0.0,0.0,0.0,0.0,Other,Other,Other,Other,Other,Other,Other,Other,1,1,1,1,Other,4,-2.8723871742608154,0.3929997879081163
-1.200248966347764,-0.7522961421544496,0.0,1.0,0.0,0,0.1031981527274776,0.4334498677803327,1.311651103615521,0.7643913739959727,1.0708017574520496,1,0,0,1,0,0,0,0,0,0,0,0.0071672158756257,Natural,1.0,0.0,0.0,0.0,0.0,0.0,1.0,1.0,0.0,0.0,1.0,1.0,0.0,0.0,0.0,1.0,0.0,0.0,0.0,0.0,0.0,0.0,0.0,0.0,0.0,0.0,0.0,0.0,1.0,0.0,0.0,0.0,1.0,0.0,0.0,1.0,1.0,0.0,1.0,1.0,0.0,0.0,1.0,1.0,0.0,0.0,0.0,0.0,0.0,0.0,1.0,1.0,0.0,1.0,1.0,1.0,0.0,1.0,0.0,0.0,0.0,0.0,0.0,0.0,1.0,0.0,0.0,0.0,0.0,0.0,0.0,0.0,0.0,0.0,1.0,0.0,0.0,Other,Other,Other,Other,Other,Other,Other,Other,1,1,0,1,Watching_Media,2,1.7823284672870596,1.5033145558170187
-1.200248966347764,0.095746781728748,0.0,0.0,1.0,0,1.0172389340279953,0.4334498677803327,1.311651103615521,0.7643913739959727,1.0708017574520496,1,1,1,1,1,1,1,1,1,1,1,0.0071672158756257,Negative,0.0,1.0,0.0,0.0,0.0,0.0,0.0,0.0,0.0,0.0,1.0,0.0,0.0,0.0,0.0,0.0,0.0,0.0,0.0,0.0,1.0,0.0,0.0,0.0,1.0,1.0,0.0,1.0,1.0,0.0,0.0,1.0,1.0,0.0,0.0,1.0,1.0,0.0,1.0,1.0,0.0,0.0,1.0,1.0,0.0,0.0,0.0,0.0,0.0,0.0,0.0,0.0,0.0,0.0,0.0,0.0,0.0,1.0,0.0,0.0,0.0,1.0,0.0,0.0,0.0,0.0,0.0,0.0,0.0,0.0,0.0,0.0,0.0,0.0,1.0,0.0,0.0,Other,Other,Other,Other,Other,Other,Other,Other,1,1,0,1,Other,4,-0.04241835412542031,1.7657739369040566
1.004652838498499,0.095746781728748,0.0,0.0,1.0,0,0.1031981527274776,0.4334498677803327,1.311651103615521,-0.4994023643440362,-1.1796968514302244,1,1,1,0,0,0,0,0,0,0,0,0.0071672158756257,Natural,1.0,0.0,0.0,0.0,0.0,0.0,0.0,0.0,1.0,0.0,1.0,0.0,0.0,0.0,0.0,1.0,0.0,0.0,0.0,0.0,1.0,0.0,0.0,0.0,1.0,1.0,0.0,1.0,1.0,1.0,0.0,1.0,1.0,0.0,0.0,1.0,1.0,0.0,1.0,1.0,1.0,0.0,1.0,1.0,0.0,0.0,0.0,1.0,0.0,0.0,1.0,0.0,0.0,1.0,0.0,0.0,0.0,1.0,1.0,0.0,0.0,0.0,0.0,0.0,0.0,0.0,0.0,0.0,1.0,0.0,0.0,0.0,0.0,0.0,0.0,0.0,0.0,Other,Try,Wasabi,Other,Spicier,Like_Spicy_Flavor,Free_Time,Other,1,1,1,1,Free_Time,4,-0.2118927511684343,0.133674667884809
-1.200248966347764,-0.7522961421544496,0.0,0.0,1.0,0,-0.8108426285730398,0.4334498677803327,-0.373786583931884,0.7643913739959727,1.0708017574520496,1,0,0,1,1,0,1,1,1,0,0,0.0071672158756257,Natural,1.0,0.0,0.0,0.0,0.0,0.0,1.0,0.0,0.0,0.0,0.0,0.0,0.0,0.0,0.0,0.0,0.0,0.0,0.0,0.0,0.0,0.0,0.0,1.0,1.0,1.0,0.0,1.0,1.0,0.0,0.0,1.0,1.0,1.0,0.0,1.0,1.0,0.0,1.0,1.0,0.0,0.0,1.0,1.0,0.0,0.0,0.0,0.0,0.0,0.0,1.0,1.0,1.0,0.0,0.0,0.0,0.0,1.0,0.0,0.0,0.0,0.0,0.0,0.0,1.0,0.0,0.0,0.0,1.0,0.0,0.0,0.0,0.0,0.0,0.0,0.0,0.0,Other,Other,Other,Other,Other,Other,Other,Other,1,0,1,1,Watching_Media,4,-1.0826951597898757,0.6900769464060484
1.004652838498499,-0.7522961421544496,0.0,0.0,1.0,0,-0.8108426285730398,0.4334498677803327,-0.373786583931884,-0.4994023643440362,-0.4295306484694663,1,1,1,0,1,0,1,0,0,0,0,0.0071672158756257,Natural,1.0,0.0,0.0,0.0,0.0,1.0,1.0,1.0,1.0,1.0,1.0,0.0,0.0,0.0,0.0,1.0,0.0,0.0,0.0,0.0,0.0,0.0,1.0,0.0,1.0,1.0,0.0,1.0,1.0,0.0,0.0,1.0,1.0,1.0,0.0,1.0,1.0,0.0,1.0,1.0,0.0,0.0,1.0,1.0,0.0,0.0,0.0,1.0,1.0,0.0,1.0,0.0,0.0,0.0,0.0,0.0,0.0,1.0,0.0,0.0,0.0,0.0,0.0,0.0,1.0,0.0,0.0,0.0,1.0,0.0,0.0,0.0,0.0,0.0,0.0,0.0,0.0,Ajinomoto,Other,Seafood,Other,Other,Other,Other,Not_Delicious,1,0,0,0,Watching_Media,2,2.4741618425178227,1.1234830480292641
1.004652838498499,-0.7522961421544496,0.0,0.0,1.0,0,0.1031981527274776,0.4334498677803327,1.311651103615521,0.7643913739959727,0.3206355544912916,1,1,1,1,1,1,1,1,1,1,1,1.784636753030752,Natural,1.0,0.0,0.0,0.0,0.0,0.0,1.0,0.0,1.0,1.0,1.0,1.0,1.0,1.0,0.0,1.0,1.0,0.0,0.0,0.0,1.0,0.0,0.0,0.0,1.0,1.0,0.0,1.0,1.0,1.0,0.0,1.0,1.0,0.0,0.0,0.0,1.0,0.0,1.0,1.0,0.0,0.0,1.0,0.0,0.0,0.0,0.0,1.0,0.0,0.0,0.0,1.0,1.0,1.0,0.0,0.0,0.0,0.0,0.0,0.0,0.0,0.0,0.0,0.0,1.0,0.0,0.0,0.0,1.0,0.0,0.0,0.0,0.0,0.0,0.0,0.0,0.0,Other,Delicious,Laab,Other,More_Intense_Flavor,Like_Delicious_Flavor,Other,Other,1,1,1,1,Watching_Media,2,4.199301801420771,-0.6030932235913353
-1.200248966347764,1.7918326294951432,0.0,1.0,0.0,0,1.0172389340279953,0.4334498677803327,-0.373786583931884,0.7643913739959727,1.0708017574520496,1,0,0,0,0,0,0,0,0,0,0,0.0071672158756257,Natural,1.0,0.0,0.0,0.0,0.0,0.0,1.0,1.0,0.0,0.0,1.0,1.0,1.0,1.0,0.0,0.0,0.0,0.0,0.0,0.0,1.0,0.0,0.0,0.0,0.0,0.0,0.0,1.0,1.0,0.0,0.0,0.0,1.0,0.0,0.0,0.0,0.0,0.0,1.0,1.0,0.0,0.0,0.0,1.0,0.0,0.0,0.0,0.0,0.0,0.0,0.0,0.0,0.0,0.0,0.0,0.0,0.0,0.0,0.0,0.0,0.0,1.0,0.0,0.0,0.0,0.0,0.0,0.0,0.0,0.0,0.0,0.0,0.0,0.0,1.0,0.0,0.0,Other,Other,Other,Other,Other,Other,Other,Other,1,0,1,1,Other,2,2.3754955990593847,0.29670018944167237
-1.200248966347764,-0.7522961421544496,0.0,0.0,1.0,0,1.0172389340279953,0.4334498677803327,1.311651103615521,0.7643913739959727,1.0708017574520496,1,1,1,1,1,1,1,1,1,1,1,0.8959019844531889,Natural,1.0,0.0,0.0,0.0,0.0,1.0,1.0,1.0,1.0,1.0,1.0,1.0,1.0,1.0,0.0,1.0,0.0,0.0,0.0,0.0,1.0,0.0,1.0,1.0,1.0,1.0,0.0,1.0,1.0,0.0,0.0,1.0,1.0,1.0,1.0,1.0,1.0,0.0,1.0,1.0,0.0,0.0,1.0,1.0,0.0,0.0,0.0,0.0,0.0,0.0,1.0,0.0,0.0,0.0,0.0,0.0,0.0,1.0,0.0,0.0,0.0,0.0,0.0,0.0,1.0,0.0,0.0,0.0,1.0,0.0,0.0,0.0,0.0,0.0,0.0,0.0,0.0,Other,Other,Other,Other,Other,Other,Other,Other,1,1,0,1,Watching_Media,2,5.692858259778586,0.8335217835734532
1.004652838498499,-0.7522961421544496,0.0,1.0,0.0,0,-0.8108426285730398,0.4334498677803327,-0.373786583931884,-0.4994023643440362,-1.9298630543909825,1,0,0,0,0,0,0,0,0,0,0,-1.7703023212795008,Natural,1.0,0.0,0.0,0.0,0.0,0.0,1.0,0.0,1.0,0.0,0.0,0.0,0.0,0.0,0.0,0.0,0.0,0.0,0.0,0.0,0.0,0.0,0.0,0.0,1.0,1.0,0.0,1.0,1.0,1.0,0.0,1.0,1.0,0.0,0.0,1.0,1.0,0.0,1.0,1.0,1.0,0.0,1.0,1.0,0.0,0.0,0.0,1.0,0.0,0.0,1.0,0.0,0.0,0.0,1.0,0.0,0.0,1.0,1.0,0.0,0.0,0.0,0.0,0.0,0.0,0.0,0.0,0.0,1.0,0.0,0.0,0.0,0.0,0.0,0.0,0.0,0.0,Other,Other,Laab,Other,Spicier,Like_Spicy_Flavor,Watching_Media,Other,0,0,1,1,Free_Time,4,-2.0159852332381267,-0.47458365335928665
1.004652838498499,-0.7522961421544496,0.0,0.0,1.0,0,-2.638924191174075,0.4334498677803327,-1.216505427705587,-1.763196102684045,0.3206355544912916,1,0,0,0,0,0,1,1,0,0,0,-1.7703023212795008,Natural,1.0,0.0,0.0,0.0,0.0,0.0,1.0,0.0,1.0,0.0,0.0,0.0,0.0,0.0,0.0,0.0,0.0,0.0,0.0,0.0,0.0,0.0,1.0,0.0,1.0,1.0,0.0,1.0,1.0,0.0,0.0,1.0,1.0,1.0,0.0,1.0,1.0,0.0,1.0,1.0,0.0,0.0,1.0,1.0,0.0,0.0,0.0,1.0,1.0,0.0,1.0,0.0,0.0,0.0,1.0,0.0,0.0,1.0,1.0,0.0,0.0,0.0,0.0,0.0,0.0,0.0,0.0,0.0,0.0,0.0,0.0,0.0,0.0,0.0,1.0,0.0,0.0,Other,Other,Other,Other,Other,Other,Other,Other,1,0,1,0,Free_Time,4,-2.353400523261895,-0.819808349007694
1.004652838498499,-0.7522961421544496,0.0,1.0,0.0,0,-2.638924191174075,0.4334498677803327,0.4689322598418184,-0.4994023643440362,-1.1796968514302244,1,0,0,0,0,0,0,0,0,0,0,-0.8815675527019375,Natural,1.0,0.0,0.0,0.0,0.0,0.0,0.0,0.0,1.0,0.0,0.0,0.0,0.0,0.0,0.0,0.0,1.0,0.0,0.0,0.0,1.0,0.0,1.0,0.0,1.0,1.0,0.0,1.0,1.0,1.0,0.0,1.0,1.0,1.0,0.0,0.0,1.0,0.0,1.0,1.0,0.0,0.0,1.0,1.0,0.0,0.0,0.0,1.0,1.0,0.0,0.0,0.0,0.0,0.0,1.0,0.0,0.0,1.0,0.0,0.0,0.0,0.0,0.0,0.0,1.0,0.0,0.0,0.0,1.0,0.0,0.0,0.0,0.0,0.0,0.0,0.0,0.0,Other,Other,Other,Other,Other,Other,Other,Already_Salty,0,0,1,0,Watching_Media,4,-1.0308484926569923,-1.1060159469664812
-0.0977980639246325,-1.6003390660376473,0.0,0.0,1.0,0,1.0172389340279953,0.4334498677803327,-2.059224271479289,0.7643913739959727,-1.1796968514302244,1,0,0,0,0,0,0,1,0,0,0,0.0071672158756257,Negative,0.0,1.0,0.0,0.0,0.0,0.0,1.0,0.0,1.0,0.0,0.0,0.0,0.0,0.0,0.0,0.0,0.0,0.0,0.0,0.0,0.0,0.0,0.0,0.0,1.0,1.0,0.0,0.0,0.0,0.0,0.0,1.0,1.0,0.0,0.0,0.0,1.0,0.0,1.0,0.0,0.0,0.0,1.0,1.0,0.0,0.0,0.0,0.0,0.0,0.0,0.0,0.0,0.0,0.0,0.0,0.0,0.0,1.0,0.0,0.0,0.0,1.0,0.0,0.0,0.0,0.0,0.0,0.0,1.0,0.0,0.0,0.0,0.0,0.0,0.0,0.0,0.0,Other,Other,Other,Not_Attractive,Saltier,Like_Spicy_Flavor,Other,Other,1,0,0,1,Other,4,-1.459396889407901,0.016756963439589892
1.004652838498499,-0.7522961421544496,1.0,0.0,0.0,0,0.1031981527274776,-1.300349603340998,0.4689322598418184,0.7643913739959727,0.3206355544912916,1,0,1,0,1,0,1,0,1,0,1,0.0071672158756257,Natural,1.0,0.0,0.0,0.0,0.0,0.0,0.0,0.0,0.0,0.0,0.0,1.0,1.0,0.0,0.0,0.0,0.0,0.0,0.0,0.0,0.0,0.0,0.0,0.0,0.0,0.0,0.0,0.0,1.0,0.0,0.0,0.0,0.0,0.0,0.0,0.0,0.0,0.0,1.0,0.0,0.0,0.0,0.0,0.0,1.0,0.0,0.0,1.0,0.0,0.0,0.0,0.0,0.0,0.0,0.0,0.0,0.0,0.0,1.0,0.0,0.0,0.0,0.0,0.0,0.0,0.0,0.0,0.0,1.0,0.0,0.0,0.0,0.0,0.0,0.0,0.0,0.0,Other,Try,Wasabi,Other,Laab_Flavor,Like_Delicious_Flavor,Free_Time,Other,1,1,0,1,Free_Time,4,-1.1188506881598808,0.20943614776174685
1.004652838498499,-0.7522961421544496,0.0,0.0,1.0,0,0.1031981527274776,0.4334498677803327,0.4689322598418184,-0.4994023643440362,-0.4295306484694663,1,0,0,1,1,0,1,0,0,0,0,0.8959019844531889,Natural,1.0,0.0,0.0,0.0,0.0,0.0,0.0,0.0,1.0,0.0,0.0,0.0,0.0,0.0,0.0,1.0,0.0,0.0,0.0,0.0,0.0,0.0,0.0,0.0,0.0,1.0,1.0,1.0,1.0,0.0,0.0,1.0,1.0,0.0,0.0,0.0,0.0,1.0,0.0,1.0,0.0,0.0,0.0,1.0,0.0,0.0,0.0,0.0,0.0,0.0,0.0,0.0,0.0,0.0,0.0,0.0,0.0,1.0,0.0,0.0,0.0,0.0,0.0,0.0,0.0,1.0,0.0,0.0,1.0,0.0,0.0,0.0,0.0,0.0,0.0,0.0,0.0,Innisfree,Delicious,Mala,Other,Saltier,Like_Spicy_Flavor,Working_Studying,Other,1,1,1,1,Working_Studying,4,-1.163315082691208,-0.06749113643094519
1.004652838498499,-0.7522961421544496,0.0,0.0,1.0,0,0.1031981527274776,0.4334498677803327,1.311651103615521,0.7643913739959727,1.0708017574520496,1,0,0,0,0,0,0,0,0,0,0,1.784636753030752,Natural,1.0,0.0,0.0,0.0,0.0,0.0,0.0,0.0,0.0,0.0,0.0,1.0,1.0,1.0,0.0,1.0,1.0,0.0,0.0,0.0,1.0,0.0,0.0,0.0,1.0,1.0,0.0,1.0,1.0,0.0,0.0,1.0,1.0,0.0,0.0,1.0,1.0,0.0,1.0,1.0,0.0,0.0,1.0,1.0,0.0,0.0,0.0,1.0,0.0,0.0,0.0,0.0,0.0,0.0,0.0,0.0,0.0,0.0,0.0,1.0,0.0,0.0,0.0,0.0,0.0,0.0,0.0,0.0,0.0,0.0,0.0,0.0,0.0,0.0,1.0,0.0,0.0,Other,Delicious,Other,Other,Delicious,Like_Delicious_Flavor,Other,Other,1,1,1,1,Hungry,1,1.4663470196517598,-1.2760757912384129
1.004652838498499,-0.7522961421544496,0.0,0.0,1.0,0,-0.8108426285730398,0.4334498677803327,-1.216505427705587,0.7643913739959727,1.0708017574520496,1,0,0,0,0,0,0,0,0,0,0,0.0071672158756257,Natural,1.0,0.0,0.0,0.0,0.0,0.0,0.0,0.0,0.0,0.0,0.0,0.0,1.0,0.0,0.0,0.0,0.0,0.0,0.0,0.0,0.0,0.0,0.0,1.0,1.0,1.0,0.0,1.0,1.0,0.0,0.0,1.0,1.0,0.0,1.0,1.0,1.0,0.0,1.0,1.0,0.0,0.0,1.0,1.0,0.0,0.0,0.0,1.0,0.0,0.0,0.0,0.0,0.0,0.0,0.0,0.0,0.0,1.0,0.0,0.0,0.0,0.0,0.0,0.0,1.0,0.0,0.0,0.0,1.0,0.0,0.0,0.0,0.0,0.0,0.0,0.0,0.0,Other,Delicious,Other,Other,Other,Other,Other,Already_Salty,1,0,0,0,Watching_Media,4,-1.2519802163337446,0.1315407689295113
1.004652838498499,-0.7522961421544496,0.0,0.0,1.0,0,1.0172389340279953,0.4334498677803327,1.311651103615521,0.7643913739959727,1.0708017574520496,1,1,1,1,1,1,1,1,1,1,1,1.784636753030752,Natural,1.0,0.0,0.0,0.0,0.0,1.0,1.0,1.0,0.0,0.0,1.0,0.0,0.0,0.0,0.0,0.0,1.0,0.0,0.0,0.0,1.0,0.0,0.0,0.0,0.0,1.0,0.0,1.0,1.0,1.0,0.0,1.0,1.0,0.0,1.0,1.0,1.0,0.0,1.0,1.0,1.0,0.0,1.0,1.0,0.0,1.0,0.0,1.0,0.0,0.0,1.0,0.0,0.0,1.0,1.0,0.0,0.0,1.0,0.0,0.0,0.0,1.0,0.0,0.0,0.0,0.0,0.0,0.0,0.0,0.0,0.0,0.0,0.0,0.0,1.0,0.0,0.0,Other,Flavor,Mala,Other,Other,Other,Other,Already_Salty,1,1,1,0,Other,2,2.7236823725039874,1.9221433586238559
-1.200248966347764,-0.7522961421544496,0.0,1.0,0.0,0,-0.8108426285730398,0.4334498677803327,-0.373786583931884,-1.763196102684045,-1.1796968514302244,1,0,0,1,1,0,0,0,0,0,0,0.0071672158756257,Negative,0.0,1.0,0.0,0.0,0.0,0.0,0.0,0.0,0.0,0.0,0.0,1.0,1.0,0.0,0.0,1.0,0.0,0.0,0.0,0.0,0.0,0.0,0.0,0.0,1.0,1.0,0.0,1.0,0.0,0.0,0.0,1.0,0.0,0.0,0.0,1.0,1.0,0.0,1.0,0.0,0.0,0.0,1.0,0.0,0.0,0.0,0.0,0.0,1.0,0.0,0.0,0.0,0.0,0.0,0.0,0.0,0.0,1.0,0.0,1.0,0.0,0.0,0.0,0.0,0.0,0.0,0.0,0.0,0.0,0.0,0.0,0.0,1.0,0.0,0.0,0.0,0.0,Other,Other,Other,Other,Other,Other,Other,Other,1,1,1,1,Hungry,1,-1.4769227917018704,-1.511741421355613
1.004652838498499,-1.6003390660376473,0.0,1.0,0.0,0,1.0172389340279953,0.4334498677803327,-2.059224271479289,0.7643913739959727,-0.4295306484694663,1,0,0,0,0,0,0,0,0,0,0,-0.8815675527019375,Natural,1.0,0.0,0.0,0.0,0.0,0.0,1.0,1.0,1.0,0.0,1.0,1.0,1.0,1.0,0.0,1.0,1.0,0.0,0.0,0.0,1.0,0.0,1.0,0.0,0.0,1.0,0.0,1.0,1.0,0.0,0.0,1.0,1.0,0.0,0.0,0.0,1.0,0.0,1.0,1.0,0.0,0.0,1.0,1.0,0.0,0.0,0.0,1.0,1.0,0.0,0.0,0.0,0.0,0.0,1.0,1.0,1.0,1.0,1.0,0.0,0.0,0.0,0.0,0.0,0.0,0.0,0.0,0.0,1.0,0.0,0.0,0.0,0.0,0.0,0.0,0.0,0.0,Other,Other,Other,Other,Other,Other,Other,Other,1,0,1,0,Free_Time,2,2.990774543958465,-1.8021622303091571
-1.200248966347764,0.095746781728748,0.0,0.0,1.0,0,0.1031981527274776,0.4334498677803327,0.4689322598418184,0.7643913739959727,1.0708017574520496,1,1,1,1,0,0,1,0,0,0,1,0.0071672158756257,Natural,1.0,0.0,0.0,0.0,0.0,0.0,0.0,0.0,1.0,0.0,0.0,1.0,1.0,0.0,0.0,1.0,0.0,0.0,0.0,0.0,1.0,0.0,1.0,0.0,0.0,1.0,0.0,1.0,0.0,0.0,0.0,1.0,1.0,1.0,0.0,0.0,0.0,0.0,1.0,0.0,0.0,0.0,1.0,1.0,0.0,0.0,0.0,0.0,1.0,0.0,1.0,0.0,0.0,1.0,0.0,0.0,1.0,1.0,1.0,0.0,0.0,0.0,0.0,0.0,0.0,0.0,0.0,0.0,1.0,0.0,0.0,0.0,0.0,0.0,0.0,0.0,0.0,Diamond_grain,Other,Other,Other,Other,Other,Other,Other,1,0,1,1,Free_Time,4,0.4907465961031417,-0.4508092583353187
-1.200248966347764,-1.6003390660376473,0.0,1.0,0.0,0,0.1031981527274776,-1.300349603340998,-0.373786583931884,-0.4994023643440362,0.3206355544912916,1,0,0,1,1,1,0,1,1,0,0,0.0071672158756257,Other,0.0,0.0,1.0,0.0,0.0,0.0,0.0,0.0,0.0,0.0,0.0,1.0,0.0,0.0,0.0,0.0,0.0,0.0,0.0,0.0,0.0,0.0,0.0,0.0,0.0,1.0,0.0,0.0,0.0,0.0,0.0,1.0,0.0,0.0,0.0,0.0,1.0,0.0,1.0,0.0,0.0,0.0,1.0,0.0,0.0,0.0,0.0,0.0,0.0,0.0,0.0,0.0,0.0,0.0,0.0,0.0,0.0,0.0,0.0,0.0,0.0,0.0,0.0,1.0,0.0,0.0,0.0,0.0,1.0,0.0,0.0,0.0,0.0,0.0,0.0,0.0,0.0,Other,Other,Other,Other,Other,Other,Other,Other,1,1,0,1,Playing_Games,4,-2.3938108400812603,0.002413604901684623
1.004652838498499,-0.7522961421544496,0.0,0.0,1.0,0,1.0172389340279953,0.4334498677803327,1.311651103615521,0.7643913739959727,1.0708017574520496,1,1,1,0,0,0,0,0,0,0,0,1.784636753030752,Natural,1.0,0.0,0.0,0.0,0.0,1.0,0.0,1.0,0.0,0.0,1.0,1.0,1.0,1.0,0.0,0.0,1.0,0.0,0.0,0.0,1.0,0.0,0.0,1.0,1.0,1.0,0.0,1.0,1.0,0.0,0.0,1.0,1.0,0.0,1.0,1.0,1.0,0.0,1.0,1.0,0.0,0.0,1.0,1.0,0.0,0.0,0.0,1.0,0.0,0.0,0.0,0.0,0.0,0.0,0.0,0.0,0.0,0.0,0.0,0.0,0.0,0.0,0.0,0.0,0.0,1.0,0.0,0.0,0.0,0.0,0.0,0.0,0.0,0.0,1.0,0.0,0.0,Other,Delicious,Other,Other,More_Intense_Flavor,Like_Spicy_Flavor,Party_Drinking,Other,1,1,0,1,Working_Studying,2,3.9482922275966725,0.282126609117228
-1.200248966347764,-1.6003390660376473,0.0,0.0,1.0,0,-0.8108426285730398,0.4334498677803327,-1.216505427705587,-1.763196102684045,-0.4295306484694663,1,1,1,1,1,1,1,1,1,1,1,0.8959019844531889,Natural,1.0,0.0,0.0,0.0,0.0,0.0,0.0,1.0,0.0,0.0,1.0,0.0,1.0,0.0,0.0,0.0,0.0,0.0,0.0,0.0,0.0,0.0,0.0,0.0,1.0,1.0,0.0,1.0,1.0,0.0,0.0,1.0,1.0,0.0,0.0,1.0,0.0,0.0,1.0,0.0,0.0,0.0,0.0,0.0,0.0,0.0,0.0,0.0,0.0,0.0,0.0,1.0,1.0,0.0,0.0,0.0,0.0,0.0,0.0,0.0,0.0,0.0,0.0,0.0,0.0,1.0,0.0,0.0,0.0,0.0,0.0,0.0,0.0,0.0,1.0,0.0,0.0,Other,Other,Other,Other,Other,Other,Other,Other,1,0,1,1,Working_Studying,4,-0.747083930349268,-0.2917468531428989
-0.0977980639246325,-1.6003390660376473,0.0,0.0,1.0,0,-0.8108426285730398,0.4334498677803327,0.4689322598418184,0.7643913739959727,0.3206355544912916,1,1,0,0,1,0,1,1,0,1,0,0.0071672158756257,Natural,1.0,0.0,0.0,0.0,0.0,0.0,1.0,0.0,1.0,0.0,0.0,0.0,1.0,1.0,0.0,0.0,0.0,0.0,0.0,0.0,1.0,0.0,0.0,0.0,0.0,1.0,0.0,1.0,0.0,0.0,0.0,1.0,1.0,0.0,0.0,0.0,1.0,0.0,1.0,0.0,0.0,0.0,1.0,0.0,0.0,0.0,0.0,0.0,0.0,0.0,1.0,0.0,0.0,0.0,0.0,0.0,0.0,1.0,0.0,0.0,0.0,0.0,0.0,0.0,0.0,1.0,0.0,0.0,1.0,0.0,0.0,0.0,0.0,0.0,0.0,0.0,0.0,Other,Other,Other,Not_Snack_Person,Saltier,Like_Delicious_Flavor,Other,Other,1,0,1,1,Working_Studying,2,0.5887629011728339,-0.9969008289147773
-0.0977980639246325,0.095746781728748,0.0,0.0,1.0,0,-0.8108426285730398,0.4334498677803327,0.4689322598418184,0.7643913739959727,-1.9298630543909825,1,0,0,0,0,0,0,0,0,0,0,-1.7703023212795008,Natural,1.0,0.0,0.0,0.0,0.0,0.0,0.0,0.0,1.0,0.0,0.0,0.0,0.0,0.0,0.0,0.0,0.0,0.0,0.0,0.0,1.0,0.0,0.0,0.0,0.0,1.0,0.0,1.0,1.0,1.0,0.0,1.0,1.0,0.0,0.0,0.0,1.0,0.0,1.0,1.0,0.0,0.0,1.0,1.0,0.0,0.0,0.0,0.0,0.0,0.0,0.0,0.0,0.0,0.0,0.0,0.0,0.0,1.0,1.0,0.0,0.0,0.0,0.0,0.0,0.0,0.0,0.0,0.0,0.0,0.0,0.0,0.0,0.0,0.0,1.0,0.0,0.0,Other,Other,Other,Used_to_Old_Flavors,Shrimp_Flavor,Like_Spicy_Flavor,Free_Time,Other,0,0,1,1,Free_Time,4,-1.6608574708094492,-0.29241479096914486
-1.200248966347764,0.095746781728748,1.0,0.0,0.0,0,0.1031981527274776,0.4334498677803327,0.4689322598418184,-0.4994023643440362,0.3206355544912916,1,0,0,0,0,1,1,0,0,1,0,0.8959019844531889,Natural,1.0,0.0,0.0,0.0,0.0,0.0,1.0,1.0,0.0,1.0,1.0,1.0,0.0,0.0,0.0,0.0,0.0,0.0,0.0,0.0,1.0,0.0,1.0,1.0,0.0,1.0,1.0,1.0,1.0,0.0,0.0,1.0,1.0,0.0,1.0,0.0,1.0,0.0,1.0,1.0,0.0,0.0,0.0,1.0,0.0,0.0,0.0,0.0,0.0,0.0,1.0,0.0,0.0,1.0,1.0,0.0,0.0,1.0,1.0,0.0,0.0,0.0,0.0,0.0,0.0,0.0,0.0,0.0,0.0,0.0,0.0,0.0,0.0,0.0,1.0,0.0,0.0,Other,Other,Other,Other,Other,Other,Other,Other,1,1,1,1,Free_Time,2,1.6038682206517203,0.8988435652116955
1.004652838498499,-1.6003390660376473,0.0,0.0,1.0,0,1.0172389340279953,0.4334498677803327,1.311651103615521,0.7643913739959727,1.0708017574520496,1,1,1,1,1,0,0,0,0,0,0,0.8959019844531889,Natural,1.0,0.0,0.0,0.0,0.0,1.0,1.0,1.0,1.0,1.0,1.0,1.0,1.0,1.0,0.0,1.0,1.0,0.0,0.0,0.0,1.0,0.0,0.0,0.0,1.0,1.0,0.0,1.0,1.0,1.0,0.0,1.0,1.0,0.0,0.0,1.0,1.0,0.0,1.0,1.0,1.0,0.0,1.0,1.0,0.0,0.0,0.0,1.0,0.0,0.0,0.0,0.0,0.0,1.0,0.0,0.0,0.0,1.0,0.0,0.0,0.0,0.0,0.0,0.0,1.0,0.0,0.0,0.0,0.0,0.0,0.0,0.0,0.0,0.0,1.0,0.0,0.0,Other,Delicious,Honey,Other,Delicious,Like_Spicy_Flavor,With_Drinks,Other,1,1,0,1,Watching_Media,2,6.248981308428053,0.36277442318129505
1.004652838498499,-0.7522961421544496,0.0,0.0,1.0,0,0.1031981527274776,-1.300349603340998,-0.373786583931884,0.7643913739959727,-0.4295306484694663,1,1,1,1,1,1,1,1,1,0,0,0.0071672158756257,Natural,1.0,0.0,0.0,0.0,0.0,0.0,0.0,0.0,0.0,0.0,0.0,0.0,1.0,0.0,0.0,0.0,0.0,0.0,0.0,0.0,0.0,0.0,0.0,0.0,1.0,1.0,0.0,1.0,1.0,0.0,0.0,1.0,1.0,0.0,0.0,1.0,0.0,0.0,1.0,0.0,0.0,0.0,0.0,0.0,0.0,0.0,0.0,1.0,0.0,0.0,0.0,0.0,1.0,0.0,0.0,0.0,0.0,0.0,0.0,0.0,0.0,0.0,0.0,0.0,0.0,1.0,0.0,0.0,1.0,0.0,0.0,0.0,0.0,0.0,0.0,0.0,0.0,Other,Flavor,Tom_Yum_Shrimp,Other,Other,Other,Other,Not_Delicious,0,0,0,0,Working_Studying,4,-1.6214341751408283,-0.07736587361322594
-1.200248966347764,1.7918326294951432,0.0,0.0,1.0,0,1.0172389340279953,0.4334498677803327,1.311651103615521,0.7643913739959727,1.0708017574520496,1,0,0,0,0,0,0,0,0,0,0,1.784636753030752,Positive,0.0,0.0,0.0,1.0,0.0,0.0,0.0,0.0,0.0,0.0,0.0,0.0,0.0,0.0,0.0,0.0,0.0,0.0,0.0,0.0,1.0,0.0,0.0,0.0,1.0,1.0,0.0,1.0,0.0,0.0,0.0,0.0,0.0,0.0,0.0,0.0,0.0,0.0,0.0,0.0,0.0,0.0,0.0,1.0,0.0,0.0,0.0,0.0,0.0,0.0,0.0,0.0,0.0,0.0,0.0,0.0,0.0,1.0,0.0,0.0,0.0,0.0,0.0,0.0,1.0,0.0,0.0,0.0,1.0,0.0,0.0,0.0,0.0,0.0,0.0,0.0,0.0,Other,Other,Other,Other,Other,Other,Other,Other,1,1,1,1,Watching_Media,4,-0.3933199523311108,1.0845333971816484
1.004652838498499,-0.7522961421544496,0.0,0.0,1.0,0,-0.8108426285730398,0.4334498677803327,-1.216505427705587,-0.4994023643440362,-0.4295306484694663,1,1,1,0,0,0,0,0,1,0,0,0.0071672158756257,Natural,1.0,0.0,0.0,0.0,0.0,0.0,1.0,0.0,0.0,0.0,0.0,1.0,0.0,1.0,0.0,0.0,0.0,0.0,0.0,0.0,1.0,0.0,0.0,0.0,1.0,1.0,0.0,1.0,1.0,0.0,0.0,1.0,1.0,0.0,0.0,1.0,1.0,0.0,1.0,1.0,0.0,0.0,1.0,1.0,0.0,0.0,0.0,1.0,1.0,0.0,1.0,1.0,0.0,0.0,0.0,0.0,1.0,1.0,0.0,0.0,0.0,0.0,0.0,0.0,1.0,0.0,0.0,0.0,0.0,0.0,0.0,0.0,0.0,0.0,1.0,0.0,0.0,Other,Flavor,Cheese,Other,Delicious,Like_Spicy_Flavor,Free_Time,Other,1,0,1,1,Watching_Media,4,-0.16368741474212964,-1.3489606584338705
